customer_id,transaction_date,amount,category,persona
1,2024-10-22,240.58,Electronics,premium
1,2024-11-02,231.98,Sports,premium
1,2024-11-08,355.8,Electronics,premium
1,2024-11-19,231.86,Home,premium
1,2024-11-20,428.18,Travel,premium
1,2024-12-02,237.31,Electronics,premium
1,2024-12-12,279.56,Sports,premium
1,2024-12-13,345.8,Electronics,premium
1,2024-12-15,182.33,Electronics,premium
1,2024-12-16,502.27,Electronics,premium
1,2024-12-16,375.49,Sports,premium
1,2024-12-16,339.08,Travel,premium
1,2024-12-19,293.71,Electronics,premium
1,2024-12-21,199.27,Electronics,premium
1,2024-12-21,153.34,Home,premium
1,2024-12-22,243.15,Travel,premium
1,2024-12-23,364.57,Travel,premium
1,2024-12-26,189.56,Home,premium
1,2024-12-27,290.75,Sports,premium
1,2024-12-28,225.85,Travel,premium
1,2024-12-29,328.93,Home,premium
1,2024-12-29,326.57,Home,premium
1,2024-12-29,351.02,Home,premium
1,2024-12-29,212.86,Home,premium
1,2024-12-29,255.26,Sports,premium
1,2024-12-29,159.35,Travel,premium
2,2024-11-25,223.84,Fashion,premium
2,2024-11-29,253.79,Electronics,premium
2,2024-11-30,381.9,Fashion,premium
2,2024-12-03,256.64,Electronics,premium
2,2024-12-07,280.41,Fashion,premium
2,2024-12-08,261.23,Home,premium
2,2024-12-10,248.36,Travel,premium
2,2024-12-10,256.87,Electronics,premium
2,2024-12-10,297.2,Fashion,premium
2,2024-12-12,118.21,Travel,premium
2,2024-12-15,300.6,Travel,premium
2,2024-12-15,274.04,Travel,premium
2,2024-12-17,278.52,Fashion,premium
2,2024-12-18,146.12,Books,premium
2,2024-12-19,284.82,Home,premium
2,2024-12-19,477.06,Books,premium
2,2024-12-19,378.96,Home,premium
2,2024-12-21,165.88,Sports,premium
2,2024-12-21,80.1,Home,premium
2,2024-12-23,398.43,Travel,premium
2,2024-12-23,262.85,Fashion,premium
2,2024-12-24,224.86,Home,premium
2,2024-12-24,392.22,Home,premium
2,2024-12-25,167.85,Home,premium
2,2024-12-25,209.55,Fashion,premium
2,2024-12-26,286.15,Fashion,premium
2,2024-12-26,200.76,Books,premium
2,2024-12-27,234.7,Electronics,premium
2,2024-12-27,416.53,Electronics,premium
2,2024-12-27,349.89,Sports,premium
3,2024-07-11,354.12,Sports,premium
3,2024-08-21,383.95,Groceries,premium
3,2024-09-07,210.63,Beauty,premium
3,2024-10-09,300.04,Beauty,premium
3,2024-10-30,307.72,Groceries,premium
3,2024-11-02,348.32,Sports,premium
3,2024-11-12,423.09,Groceries,premium
3,2024-11-13,268.56,Groceries,premium
3,2024-11-15,125.23,Electronics,premium
3,2024-11-26,338.76,Sports,premium
3,2024-11-27,203.64,Electronics,premium
3,2024-11-27,243.0,Groceries,premium
3,2024-11-28,191.0,Sports,premium
3,2024-11-28,313.45,Groceries,premium
4,2024-09-28,270.07,Electronics,premium
4,2024-11-04,339.23,Fashion,premium
4,2024-11-14,212.26,Fashion,premium
4,2024-11-21,158.81,Electronics,premium
4,2024-11-22,205.92,Electronics,premium
4,2024-11-26,238.96,Home,premium
4,2024-12-01,293.85,Home,premium
4,2024-12-02,310.83,Home,premium
4,2024-12-12,284.66,Home,premium
4,2024-12-16,188.56,Home,premium
4,2024-12-17,349.8,Fashion,premium
4,2024-12-22,365.3,Home,premium
5,2024-10-11,588.22,Electronics,premium
5,2024-10-26,120.68,Electronics,premium
5,2024-10-26,314.08,Sports,premium
5,2024-11-04,376.83,Electronics,premium
5,2024-11-08,267.9,Electronics,premium
5,2024-11-12,413.1,Electronics,premium
5,2024-11-12,220.86,Electronics,premium
5,2024-11-14,175.37,Beauty,premium
5,2024-11-18,120.75,Home,premium
5,2024-11-22,221.38,Beauty,premium
5,2024-11-23,233.74,Home,premium
5,2024-11-25,422.5,Sports,premium
5,2024-12-01,225.81,Beauty,premium
5,2024-12-03,270.76,Electronics,premium
5,2024-12-03,346.54,Beauty,premium
6,2024-11-02,298.32,Groceries,premium
6,2024-11-15,331.77,Groceries,premium
6,2024-11-16,290.09,Fashion,premium
6,2024-11-16,197.25,Sports,premium
6,2024-11-19,296.34,Home,premium
6,2024-11-27,315.7,Electronics,premium
6,2024-12-04,370.9,Electronics,premium
6,2024-12-07,188.4,Sports,premium
6,2024-12-12,327.31,Sports,premium
6,2024-12-13,236.4,Sports,premium
6,2024-12-15,178.61,Home,premium
6,2024-12-17,156.5,Fashion,premium
6,2024-12-18,369.35,Sports,premium
6,2024-12-19,232.85,Groceries,premium
6,2024-12-22,347.97,Fashion,premium
6,2024-12-22,356.16,Sports,premium
6,2024-12-23,396.2,Groceries,premium
6,2024-12-24,315.89,Groceries,premium
6,2024-12-26,273.7,Fashion,premium
6,2024-12-27,414.26,Home,premium
6,2024-12-27,130.04,Electronics,premium
6,2024-12-27,230.78,Electronics,premium
6,2024-12-28,310.62,Sports,premium
6,2024-12-28,341.16,Electronics,premium
6,2024-12-28,191.11,Home,premium
7,2024-10-14,358.72,Travel,premium
7,2024-11-04,372.35,Fashion,premium
7,2024-11-07,241.81,Travel,premium
7,2024-11-11,226.86,Home,premium
7,2024-11-13,388.81,Travel,premium
7,2024-11-16,398.26,Books,premium
7,2024-11-21,209.64,Books,premium
7,2024-11-24,222.05,Travel,premium
7,2024-11-26,129.94,Travel,premium
7,2024-11-26,395.5,Electronics,premium
7,2024-11-30,126.81,Electronics,premium
7,2024-12-02,331.8,Fashion,premium
7,2024-12-03,322.88,Home,premium
7,2024-12-04,319.41,Electronics,premium
7,2024-12-04,287.11,Fashion,premium
7,2024-12-07,284.59,Travel,premium
7,2024-12-08,212.47,Books,premium
7,2024-12-08,297.93,Travel,premium
7,2024-12-09,281.01,Electronics,premium
7,2024-12-10,317.89,Books,premium
7,2024-12-10,284.35,Fashion,premium
7,2024-12-11,223.85,Fashion,premium
7,2024-12-12,202.63,Travel,premium
7,2024-12-14,208.22,Fashion,premium
7,2024-12-15,402.07,Home,premium
7,2024-12-15,271.13,Electronics,premium
7,2024-12-16,358.1,Travel,premium
7,2024-12-16,212.82,Books,premium
7,2024-12-16,232.05,Books,premium
7,2024-12-16,219.45,Travel,premium
7,2024-12-17,209.99,Fashion,premium
8,2024-10-12,247.72,Home,premium
8,2024-11-04,300.75,Home,premium
8,2024-11-09,304.19,Groceries,premium
8,2024-11-16,280.42,Groceries,premium
8,2024-11-21,283.76,Groceries,premium
8,2024-11-26,254.96,Fashion,premium
8,2024-11-28,152.07,Groceries,premium
8,2024-12-06,289.62,Fashion,premium
8,2024-12-07,321.16,Groceries,premium
8,2024-12-07,364.84,Home,premium
8,2024-12-10,403.31,Home,premium
8,2024-12-12,299.39,Fashion,premium
8,2024-12-12,443.79,Home,premium
8,2024-12-12,374.34,Fashion,premium
8,2024-12-13,285.4,Groceries,premium
8,2024-12-18,234.94,Home,premium
8,2024-12-18,483.14,Home,premium
8,2024-12-19,327.5,Home,premium
8,2024-12-19,377.03,Home,premium
8,2024-12-19,298.68,Fashion,premium
8,2024-12-20,344.21,Fashion,premium
8,2024-12-20,408.85,Home,premium
9,2024-11-01,414.63,Travel,premium
9,2024-11-19,470.53,Fashion,premium
9,2024-11-22,182.52,Fashion,premium
9,2024-11-23,187.17,Beauty,premium
9,2024-11-25,437.14,Groceries,premium
9,2024-11-26,264.22,Books,premium
9,2024-11-29,294.52,Travel,premium
9,2024-11-29,217.98,Fashion,premium
9,2024-11-29,295.37,Fashion,premium
9,2024-12-02,407.77,Books,premium
9,2024-12-03,312.02,Groceries,premium
9,2024-12-03,217.24,Travel,premium
9,2024-12-03,269.77,Groceries,premium
9,2024-12-04,203.56,Groceries,premium
9,2024-12-05,215.16,Books,premium
9,2024-12-05,207.64,Travel,premium
9,2024-12-06,228.27,Travel,premium
9,2024-12-06,193.48,Beauty,premium
9,2024-12-07,297.46,Travel,premium
9,2024-12-07,352.85,Fashion,premium
9,2024-12-08,279.36,Travel,premium
9,2024-12-08,398.4,Fashion,premium
9,2024-12-09,446.76,Travel,premium
9,2024-12-09,391.27,Groceries,premium
9,2024-12-09,158.15,Travel,premium
9,2024-12-11,189.13,Fashion,premium
9,2024-12-11,166.78,Groceries,premium
9,2024-12-11,327.63,Books,premium
9,2024-12-13,319.73,Books,premium
9,2024-12-13,264.46,Books,premium
9,2024-12-13,243.35,Travel,premium
10,2024-10-07,439.76,Beauty,premium
10,2024-10-20,438.72,Electronics,premium
10,2024-11-05,233.39,Electronics,premium
10,2024-11-07,300.87,Groceries,premium
10,2024-11-12,322.38,Home,premium
10,2024-11-14,395.33,Groceries,premium
10,2024-11-15,316.12,Beauty,premium
10,2024-11-16,331.5,Electronics,premium
10,2024-11-16,293.58,Fashion,premium
10,2024-11-22,287.15,Home,premium
10,2024-11-25,286.93,Fashion,premium
10,2024-11-25,267.55,Electronics,premium
10,2024-11-26,307.01,Fashion,premium
10,2024-11-27,247.05,Home,premium
10,2024-11-27,311.56,Home,premium
10,2024-11-30,246.32,Beauty,premium
10,2024-12-01,258.08,Beauty,premium
10,2024-12-04,328.65,Groceries,premium
10,2024-12-04,239.94,Home,premium
10,2024-12-07,432.56,Electronics,premium
11,2024-10-10,284.39,Groceries,premium
11,2024-11-27,390.87,Beauty,premium
11,2024-12-04,360.69,Home,premium
11,2024-12-05,218.1,Groceries,premium
11,2024-12-05,180.43,Home,premium
11,2024-12-06,293.65,Beauty,premium
11,2024-12-06,346.85,Groceries,premium
11,2024-12-07,332.35,Beauty,premium
11,2024-12-07,275.55,Home,premium
11,2024-12-08,294.44,Fashion,premium
11,2024-12-08,491.49,Fashion,premium
11,2024-12-11,288.75,Beauty,premium
11,2024-12-12,338.06,Fashion,premium
11,2024-12-13,297.35,Home,premium
11,2024-12-13,315.37,Fashion,premium
11,2024-12-13,430.56,Home,premium
11,2024-12-14,387.63,Groceries,premium
11,2024-12-14,294.71,Home,premium
11,2024-12-14,288.01,Groceries,premium
11,2024-12-14,200.83,Fashion,premium
11,2024-12-15,269.94,Home,premium
11,2024-12-16,483.1,Fashion,premium
11,2024-12-16,321.92,Groceries,premium
11,2024-12-17,267.36,Beauty,premium
11,2024-12-18,245.85,Fashion,premium
11,2024-12-19,348.18,Groceries,premium
11,2024-12-20,94.34,Home,premium
11,2024-12-20,176.8,Home,premium
11,2024-12-21,176.39,Groceries,premium
11,2024-12-21,159.78,Beauty,premium
12,2024-10-06,363.2,Groceries,premium
12,2024-11-04,199.95,Groceries,premium
12,2024-11-06,157.23,Groceries,premium
12,2024-11-10,503.68,Groceries,premium
12,2024-11-11,251.48,Sports,premium
12,2024-11-20,299.06,Fashion,premium
12,2024-11-22,288.78,Groceries,premium
12,2024-11-23,265.29,Groceries,premium
12,2024-11-24,285.09,Fashion,premium
12,2024-11-24,356.12,Travel,premium
12,2024-11-26,259.45,Fashion,premium
12,2024-11-26,361.94,Travel,premium
12,2024-11-27,218.36,Travel,premium
12,2024-11-28,230.08,Fashion,premium
12,2024-11-29,143.32,Fashion,premium
12,2024-11-29,360.83,Travel,premium
12,2024-11-30,291.46,Sports,premium
12,2024-12-01,358.26,Groceries,premium
12,2024-12-01,379.98,Sports,premium
12,2024-12-02,313.63,Sports,premium
12,2024-12-03,144.54,Groceries,premium
12,2024-12-03,207.96,Travel,premium
13,2024-10-16,300.96,Fashion,premium
13,2024-10-23,149.63,Sports,premium
13,2024-11-07,324.15,Books,premium
13,2024-11-11,362.33,Books,premium
13,2024-11-13,317.81,Fashion,premium
13,2024-11-14,246.06,Electronics,premium
13,2024-11-14,228.3,Fashion,premium
13,2024-11-16,413.24,Fashion,premium
13,2024-11-17,361.15,Books,premium
13,2024-11-18,254.14,Fashion,premium
13,2024-11-20,371.45,Fashion,premium
13,2024-11-20,321.41,Electronics,premium
13,2024-11-20,221.94,Books,premium
13,2024-11-22,165.25,Books,premium
13,2024-11-22,326.48,Electronics,premium
13,2024-11-24,206.14,Sports,premium
13,2024-11-25,171.87,Electronics,premium
13,2024-11-25,325.92,Fashion,premium
13,2024-11-26,139.71,Books,premium
13,2024-11-26,139.62,Home,premium
13,2024-11-27,270.09,Electronics,premium
13,2024-11-28,233.95,Electronics,premium
13,2024-11-28,289.76,Books,premium
13,2024-11-28,309.97,Fashion,premium
13,2024-11-29,196.09,Books,premium
13,2024-11-29,178.56,Sports,premium
13,2024-12-01,173.67,Sports,premium
13,2024-12-01,341.44,Sports,premium
13,2024-12-01,408.1,Electronics,premium
13,2024-12-02,319.98,Home,premium
13,2024-12-02,322.61,Electronics,premium
13,2024-12-03,329.74,Electronics,premium
14,2024-08-27,314.37,Home,premium
14,2024-10-05,296.62,Fashion,premium
14,2024-10-27,123.8,Fashion,premium
14,2024-10-31,257.64,Books,premium
14,2024-11-07,264.58,Groceries,premium
14,2024-11-15,267.68,Fashion,premium
14,2024-11-19,370.33,Groceries,premium
14,2024-11-21,273.57,Home,premium
14,2024-11-29,455.29,Groceries,premium
14,2024-12-02,307.21,Sports,premium
14,2024-12-12,196.6,Sports,premium
14,2024-12-13,382.23,Books,premium
14,2024-12-14,443.39,Fashion,premium
14,2024-12-18,318.81,Home,premium
15,2024-10-23,266.25,Electronics,premium
15,2024-11-02,244.36,Books,premium
15,2024-11-17,396.27,Groceries,premium
15,2024-11-27,131.09,Beauty,premium
15,2024-11-28,256.02,Books,premium
15,2024-11-29,333.38,Electronics,premium
15,2024-11-30,409.12,Groceries,premium
15,2024-12-01,277.23,Electronics,premium
16,2024-09-29,343.67,Electronics,premium
16,2024-10-07,363.88,Travel,premium
16,2024-10-26,235.82,Electronics,premium
16,2024-11-03,330.63,Home,premium
16,2024-11-04,468.59,Books,premium
16,2024-11-07,355.03,Home,premium
16,2024-11-14,230.98,Home,premium
16,2024-11-15,248.98,Travel,premium
16,2024-11-23,323.48,Home,premium
16,2024-11-30,366.69,Travel,premium
16,2024-12-02,265.84,Travel,premium
16,2024-12-02,216.14,Books,premium
16,2024-12-05,350.73,Books,premium
16,2024-12-06,203.95,Books,premium
16,2024-12-08,238.59,Home,premium
16,2024-12-08,297.9,Books,premium
16,2024-12-09,5.0,Home,premium
16,2024-12-12,210.38,Travel,premium
16,2024-12-12,240.84,Books,premium
16,2024-12-12,363.53,Electronics,premium
16,2024-12-12,148.85,Books,premium
16,2024-12-13,317.0,Electronics,premium
16,2024-12-13,327.25,Home,premium
16,2024-12-13,368.7,Travel,premium
16,2024-12-15,312.45,Travel,premium
17,2024-10-30,265.09,Sports,premium
17,2024-11-08,247.63,Electronics,premium
17,2024-11-14,290.64,Sports,premium
17,2024-11-15,223.99,Travel,premium
17,2024-11-27,441.63,Electronics,premium
17,2024-11-28,220.81,Groceries,premium
17,2024-11-28,229.67,Sports,premium
17,2024-12-01,266.52,Fashion,premium
17,2024-12-02,270.96,Electronics,premium
17,2024-12-03,182.01,Sports,premium
17,2024-12-05,383.89,Fashion,premium
17,2024-12-07,288.61,Electronics,premium
17,2024-12-07,317.1,Electronics,premium
17,2024-12-07,326.23,Fashion,premium
17,2024-12-08,262.21,Groceries,premium
17,2024-12-10,188.24,Groceries,premium
17,2024-12-10,181.82,Sports,premium
17,2024-12-11,412.81,Groceries,premium
17,2024-12-15,276.35,Electronics,premium
17,2024-12-15,299.47,Travel,premium
17,2024-12-16,179.88,Electronics,premium
17,2024-12-17,395.5,Fashion,premium
17,2024-12-18,307.42,Fashion,premium
17,2024-12-19,316.54,Travel,premium
17,2024-12-19,331.42,Electronics,premium
17,2024-12-19,386.33,Groceries,premium
17,2024-12-20,267.07,Sports,premium
17,2024-12-20,172.7,Electronics,premium
18,2024-10-16,276.73,Groceries,premium
18,2024-10-25,199.87,Fashion,premium
18,2024-10-28,257.51,Groceries,premium
18,2024-11-03,359.11,Groceries,premium
18,2024-11-06,329.86,Groceries,premium
18,2024-11-12,391.95,Groceries,premium
18,2024-11-16,353.97,Sports,premium
18,2024-11-17,424.96,Groceries,premium
18,2024-11-17,308.63,Groceries,premium
18,2024-11-18,321.45,Fashion,premium
18,2024-11-19,384.64,Fashion,premium
18,2024-11-20,332.11,Groceries,premium
18,2024-11-21,438.12,Groceries,premium
18,2024-11-25,271.93,Fashion,premium
18,2024-11-26,399.89,Sports,premium
18,2024-11-27,262.25,Groceries,premium
18,2024-11-28,182.84,Groceries,premium
18,2024-11-29,418.58,Sports,premium
18,2024-12-01,366.01,Sports,premium
18,2024-12-03,155.39,Groceries,premium
18,2024-12-04,364.35,Sports,premium
18,2024-12-04,321.83,Fashion,premium
18,2024-12-05,234.1,Fashion,premium
18,2024-12-05,175.1,Sports,premium
18,2024-12-05,375.88,Fashion,premium
18,2024-12-06,189.77,Fashion,premium
19,2024-10-25,71.21,Groceries,premium
19,2024-12-04,310.29,Sports,premium
19,2024-12-05,208.49,Sports,premium
19,2024-12-08,268.84,Beauty,premium
19,2024-12-09,403.38,Fashion,premium
19,2024-12-10,424.36,Groceries,premium
19,2024-12-12,301.46,Sports,premium
19,2024-12-15,222.91,Sports,premium
19,2024-12-16,363.76,Sports,premium
19,2024-12-16,256.38,Beauty,premium
19,2024-12-17,417.34,Fashion,premium
19,2024-12-17,403.01,Sports,premium
19,2024-12-17,218.64,Groceries,premium
19,2024-12-18,219.19,Beauty,premium
19,2024-12-19,126.51,Sports,premium
19,2024-12-20,227.38,Groceries,premium
19,2024-12-20,209.04,Sports,premium
19,2024-12-21,313.93,Fashion,premium
19,2024-12-22,327.02,Sports,premium
19,2024-12-22,289.21,Fashion,premium
19,2024-12-23,176.28,Beauty,premium
19,2024-12-23,158.99,Sports,premium
19,2024-12-23,320.31,Sports,premium
19,2024-12-23,107.69,Sports,premium
19,2024-12-25,242.58,Beauty,premium
19,2024-12-26,423.29,Beauty,premium
19,2024-12-29,406.72,Fashion,premium
20,2024-11-04,295.86,Electronics,premium
20,2024-11-06,259.23,Travel,premium
20,2024-11-09,329.44,Groceries,premium
20,2024-11-14,291.28,Travel,premium
20,2024-11-22,347.13,Groceries,premium
20,2024-11-24,425.23,Electronics,premium
20,2024-11-27,307.39,Sports,premium
20,2024-11-28,191.07,Travel,premium
20,2024-11-29,253.24,Sports,premium
20,2024-11-30,296.5,Travel,premium
20,2024-11-30,304.19,Groceries,premium
20,2024-12-01,217.17,Groceries,premium
20,2024-12-03,271.08,Groceries,premium
20,2024-12-03,341.43,Groceries,premium
20,2024-12-04,250.86,Travel,premium
20,2024-12-04,340.23,Sports,premium
20,2024-12-05,162.47,Sports,premium
20,2024-12-07,208.07,Travel,premium
20,2024-12-07,368.74,Groceries,premium
20,2024-12-07,163.04,Sports,premium
20,2024-12-08,118.44,Travel,premium
20,2024-12-09,365.71,Travel,premium
20,2024-12-09,365.09,Sports,premium
20,2024-12-09,459.69,Electronics,premium
20,2024-12-09,283.34,Electronics,premium
20,2024-12-09,261.41,Groceries,premium
20,2024-12-09,381.53,Travel,premium
20,2024-12-10,335.82,Sports,premium
20,2024-12-10,329.79,Groceries,premium
20,2024-12-10,284.67,Groceries,premium
20,2024-12-10,149.55,Electronics,premium
20,2024-12-10,293.68,Sports,premium
20,2024-12-10,361.8,Groceries,premium
20,2024-12-10,105.14,Groceries,premium
20,2024-12-11,294.35,Travel,premium
20,2024-12-11,425.66,Sports,premium
20,2024-12-11,353.33,Travel,premium
21,2024-10-14,297.91,Electronics,premium
21,2024-11-10,389.13,Books,premium
21,2024-11-16,317.76,Fashion,premium
21,2024-11-16,291.14,Sports,premium
21,2024-11-17,283.91,Books,premium
21,2024-11-21,283.25,Sports,premium
21,2024-11-22,319.97,Sports,premium
21,2024-11-23,176.29,Books,premium
21,2024-11-24,180.49,Books,premium
21,2024-11-25,224.57,Electronics,premium
21,2024-11-25,344.23,Electronics,premium
21,2024-11-27,235.16,Fashion,premium
21,2024-11-30,226.12,Electronics,premium
21,2024-11-30,302.32,Sports,premium
21,2024-11-30,457.82,Fashion,premium
21,2024-11-30,180.97,Books,premium
21,2024-12-01,330.7,Fashion,premium
21,2024-12-01,313.1,Books,premium
21,2024-12-02,377.97,Electronics,premium
21,2024-12-02,409.87,Fashion,premium
21,2024-12-03,235.4,Books,premium
21,2024-12-04,170.42,Books,premium
21,2024-12-04,305.15,Fashion,premium
22,2024-10-21,160.03,Groceries,premium
22,2024-10-30,173.63,Home,premium
22,2024-10-31,123.91,Beauty,premium
22,2024-11-04,229.69,Books,premium
22,2024-11-09,384.9,Home,premium
22,2024-11-10,335.55,Beauty,premium
22,2024-11-11,379.93,Books,premium
22,2024-11-11,255.99,Travel,premium
22,2024-11-12,93.15,Books,premium
22,2024-11-13,240.06,Groceries,premium
22,2024-11-13,285.84,Travel,premium
22,2024-11-13,342.41,Beauty,premium
22,2024-11-18,465.55,Home,premium
22,2024-11-18,311.47,Travel,premium
22,2024-11-19,292.43,Books,premium
22,2024-11-20,477.26,Home,premium
22,2024-11-21,225.44,Travel,premium
22,2024-11-21,186.04,Electronics,premium
22,2024-11-21,182.37,Travel,premium
22,2024-11-22,222.51,Groceries,premium
22,2024-11-23,235.94,Home,premium
22,2024-11-23,345.06,Books,premium
22,2024-11-26,309.22,Books,premium
23,2024-10-23,48.94,Travel,premium
23,2024-10-27,303.46,Groceries,premium
23,2024-10-28,183.22,Beauty,premium
23,2024-11-05,327.99,Beauty,premium
23,2024-11-11,202.68,Groceries,premium
23,2024-11-11,313.38,Home,premium
23,2024-11-12,262.92,Beauty,premium
23,2024-11-15,399.26,Beauty,premium
23,2024-11-16,234.91,Home,premium
23,2024-11-17,247.13,Travel,premium
23,2024-11-18,230.93,Travel,premium
23,2024-11-21,255.8,Travel,premium
23,2024-11-23,281.25,Groceries,premium
23,2024-11-24,221.7,Travel,premium
23,2024-11-25,314.96,Travel,premium
23,2024-11-27,375.25,Home,premium
23,2024-11-27,319.96,Groceries,premium
23,2024-11-28,463.09,Beauty,premium
23,2024-11-29,170.65,Groceries,premium
23,2024-11-29,262.02,Groceries,premium
23,2024-11-29,376.62,Home,premium
23,2024-11-30,254.67,Home,premium
23,2024-11-30,233.88,Beauty,premium
23,2024-11-30,72.72,Beauty,premium
23,2024-12-02,349.05,Beauty,premium
23,2024-12-02,216.28,Travel,premium
23,2024-12-03,161.69,Home,premium
23,2024-12-03,294.67,Beauty,premium
23,2024-12-03,200.47,Travel,premium
23,2024-12-04,277.52,Groceries,premium
23,2024-12-04,375.73,Groceries,premium
23,2024-12-04,267.32,Home,premium
24,2024-10-05,362.09,Beauty,premium
24,2024-10-11,282.56,Books,premium
24,2024-10-16,219.73,Beauty,premium
24,2024-11-06,287.09,Beauty,premium
24,2024-11-08,417.77,Electronics,premium
24,2024-11-11,250.77,Electronics,premium
24,2024-11-21,294.77,Books,premium
24,2024-11-30,215.8,Sports,premium
24,2024-12-02,383.9,Electronics,premium
24,2024-12-04,376.03,Books,premium
24,2024-12-08,227.45,Books,premium
24,2024-12-09,243.89,Beauty,premium
24,2024-12-10,245.12,Beauty,premium
24,2024-12-12,374.86,Electronics,premium
24,2024-12-13,337.52,Sports,premium
24,2024-12-14,328.57,Sports,premium
25,2024-11-08,319.28,Beauty,premium
25,2024-11-14,338.79,Beauty,premium
25,2024-11-21,196.9,Sports,premium
25,2024-11-24,320.23,Sports,premium
25,2024-11-25,311.98,Beauty,premium
25,2024-11-29,227.89,Sports,premium
25,2024-12-01,282.44,Groceries,premium
25,2024-12-02,160.65,Groceries,premium
25,2024-12-05,304.71,Home,premium
25,2024-12-05,416.18,Home,premium
25,2024-12-06,128.07,Beauty,premium
25,2024-12-08,286.27,Beauty,premium
25,2024-12-08,340.27,Beauty,premium
25,2024-12-12,310.49,Home,premium
25,2024-12-12,230.21,Sports,premium
25,2024-12-13,318.25,Sports,premium
25,2024-12-14,263.28,Sports,premium
25,2024-12-14,211.96,Sports,premium
25,2024-12-17,300.85,Groceries,premium
25,2024-12-18,167.96,Sports,premium
25,2024-12-18,184.33,Home,premium
25,2024-12-19,315.57,Groceries,premium
25,2024-12-20,302.24,Sports,premium
25,2024-12-20,396.38,Sports,premium
25,2024-12-21,217.21,Sports,premium
25,2024-12-21,331.86,Home,premium
25,2024-12-21,164.01,Beauty,premium
25,2024-12-22,191.5,Beauty,premium
25,2024-12-22,337.79,Home,premium
25,2024-12-23,250.17,Sports,premium
25,2024-12-23,214.63,Groceries,premium
26,2024-09-23,278.4,Electronics,premium
26,2024-10-19,226.68,Electronics,premium
26,2024-10-21,255.49,Groceries,premium
26,2024-11-07,285.25,Home,premium
26,2024-11-13,200.61,Travel,premium
26,2024-11-14,310.87,Home,premium
26,2024-11-22,324.26,Groceries,premium
26,2024-11-24,240.5,Travel,premium
26,2024-11-24,207.64,Home,premium
26,2024-11-27,255.75,Groceries,premium
26,2024-11-30,228.93,Home,premium
27,2024-10-21,305.85,Fashion,premium
27,2024-10-22,268.19,Sports,premium
27,2024-10-27,362.64,Beauty,premium
27,2024-11-08,264.4,Beauty,premium
27,2024-11-11,62.87,Beauty,premium
27,2024-11-12,216.04,Books,premium
27,2024-11-15,277.8,Travel,premium
27,2024-11-19,421.78,Travel,premium
27,2024-11-20,242.85,Travel,premium
27,2024-11-21,252.31,Books,premium
27,2024-11-22,308.28,Home,premium
27,2024-11-24,289.72,Books,premium
27,2024-11-27,203.68,Home,premium
27,2024-11-29,203.71,Fashion,premium
27,2024-12-01,353.09,Fashion,premium
27,2024-12-01,215.75,Travel,premium
28,2024-09-15,221.75,Beauty,premium
28,2024-09-23,245.86,Sports,premium
28,2024-10-02,236.65,Beauty,premium
28,2024-10-16,296.05,Beauty,premium
28,2024-10-23,371.89,Electronics,premium
28,2024-10-27,256.36,Sports,premium
28,2024-10-31,292.19,Beauty,premium
28,2024-11-01,213.79,Sports,premium
28,2024-11-07,286.89,Sports,premium
28,2024-11-10,178.69,Sports,premium
28,2024-11-12,275.36,Sports,premium
28,2024-11-15,314.92,Sports,premium
28,2024-11-17,352.31,Electronics,premium
28,2024-11-18,421.59,Sports,premium
28,2024-11-20,197.25,Electronics,premium
28,2024-11-21,281.66,Electronics,premium
28,2024-11-21,221.76,Travel,premium
28,2024-11-22,228.22,Travel,premium
28,2024-11-22,275.29,Beauty,premium
28,2024-11-23,228.32,Electronics,premium
29,2024-10-11,215.1,Groceries,premium
29,2024-11-06,354.74,Beauty,premium
29,2024-11-10,182.47,Books,premium
29,2024-11-21,289.42,Beauty,premium
29,2024-11-21,228.52,Fashion,premium
29,2024-11-21,362.4,Travel,premium
29,2024-11-25,258.76,Beauty,premium
29,2024-11-25,318.67,Groceries,premium
29,2024-11-27,245.89,Travel,premium
29,2024-11-27,287.17,Books,premium
29,2024-11-28,235.94,Beauty,premium
29,2024-11-28,355.54,Beauty,premium
29,2024-11-28,307.21,Groceries,premium
29,2024-11-30,236.6,Travel,premium
29,2024-12-02,195.01,Beauty,premium
29,2024-12-03,314.26,Electronics,premium
29,2024-12-05,184.88,Fashion,premium
29,2024-12-05,259.58,Travel,premium
29,2024-12-05,374.99,Groceries,premium
30,2024-10-27,125.11,Electronics,premium
30,2024-11-14,290.07,Fashion,premium
30,2024-11-15,321.11,Home,premium
30,2024-11-16,294.37,Fashion,premium
30,2024-11-16,337.89,Fashion,premium
30,2024-11-16,333.4,Electronics,premium
30,2024-11-16,312.79,Electronics,premium
30,2024-11-16,260.7,Electronics,premium
30,2024-11-20,202.7,Home,premium
30,2024-11-21,292.01,Travel,premium
30,2024-11-21,368.57,Home,premium
30,2024-11-21,270.37,Travel,premium
30,2024-11-22,300.23,Travel,premium
30,2024-11-22,274.92,Electronics,premium
30,2024-11-23,237.17,Home,premium
30,2024-11-23,272.76,Travel,premium
30,2024-11-23,262.25,Home,premium
30,2024-11-23,313.73,Fashion,premium
30,2024-11-25,321.05,Travel,premium
30,2024-11-26,259.24,Electronics,premium
30,2024-11-27,351.09,Home,premium
30,2024-11-27,237.86,Electronics,premium
30,2024-11-27,309.38,Home,premium
30,2024-11-27,427.05,Fashion,premium
30,2024-11-28,129.18,Electronics,premium
30,2024-11-28,256.3,Fashion,premium
30,2024-11-28,195.71,Travel,premium
30,2024-11-29,194.58,Fashion,premium
30,2024-11-29,314.27,Travel,premium
30,2024-11-29,351.93,Travel,premium
30,2024-11-29,271.64,Fashion,premium
30,2024-11-30,266.49,Home,premium
30,2024-11-30,286.65,Home,premium
30,2024-12-01,242.63,Travel,premium
30,2024-12-01,285.6,Fashion,premium
30,2024-12-01,372.95,Home,premium
30,2024-12-01,307.8,Fashion,premium
30,2024-12-02,373.08,Fashion,premium
30,2024-12-02,358.02,Home,premium
31,2024-10-20,159.62,Groceries,premium
31,2024-10-28,340.8,Beauty,premium
31,2024-11-19,263.61,Books,premium
31,2024-11-21,280.55,Beauty,premium
31,2024-11-23,255.26,Beauty,premium
31,2024-11-24,219.83,Beauty,premium
31,2024-11-24,318.41,Fashion,premium
31,2024-11-25,498.47,Books,premium
31,2024-11-25,267.19,Beauty,premium
31,2024-11-25,333.71,Beauty,premium
31,2024-11-28,209.1,Fashion,premium
31,2024-11-28,301.49,Fashion,premium
31,2024-11-28,366.08,Beauty,premium
31,2024-11-29,281.7,Groceries,premium
31,2024-11-29,248.07,Beauty,premium
31,2024-11-30,227.77,Groceries,premium
31,2024-12-01,135.75,Groceries,premium
31,2024-12-01,153.27,Beauty,premium
31,2024-12-02,341.76,Groceries,premium
31,2024-12-03,402.51,Beauty,premium
31,2024-12-04,241.36,Beauty,premium
31,2024-12-04,291.74,Fashion,premium
31,2024-12-05,291.59,Books,premium
31,2024-12-05,230.82,Books,premium
31,2024-12-06,258.52,Fashion,premium
31,2024-12-07,208.7,Groceries,premium
31,2024-12-07,208.95,Groceries,premium
32,2024-09-22,266.03,Travel,premium
32,2024-10-31,161.2,Sports,premium
32,2024-11-03,363.84,Sports,premium
32,2024-11-10,253.17,Books,premium
32,2024-11-11,286.49,Beauty,premium
32,2024-11-12,215.6,Sports,premium
32,2024-11-17,235.05,Books,premium
32,2024-11-20,173.71,Sports,premium
32,2024-11-22,399.68,Books,premium
32,2024-11-22,316.58,Beauty,premium
32,2024-11-23,258.21,Sports,premium
32,2024-11-24,274.01,Travel,premium
32,2024-11-27,391.77,Sports,premium
32,2024-11-27,526.97,Electronics,premium
32,2024-11-28,247.66,Travel,premium
32,2024-11-30,290.35,Travel,premium
32,2024-12-01,267.64,Beauty,premium
32,2024-12-06,314.45,Sports,premium
32,2024-12-07,381.89,Books,premium
32,2024-12-07,240.14,Travel,premium
32,2024-12-07,377.77,Sports,premium
32,2024-12-08,288.89,Travel,premium
33,2024-10-26,251.06,Electronics,premium
33,2024-11-08,323.43,Electronics,premium
33,2024-11-10,347.9,Travel,premium
33,2024-11-22,442.66,Groceries,premium
33,2024-11-24,286.83,Sports,premium
33,2024-11-30,293.67,Travel,premium
33,2024-12-01,380.82,Sports,premium
33,2024-12-06,305.95,Sports,premium
33,2024-12-06,251.37,Books,premium
33,2024-12-13,336.83,Electronics,premium
33,2024-12-15,348.41,Travel,premium
33,2024-12-16,264.82,Groceries,premium
33,2024-12-16,395.21,Sports,premium
33,2024-12-18,316.4,Books,premium
33,2024-12-19,340.86,Books,premium
33,2024-12-20,300.3,Groceries,premium
33,2024-12-20,317.42,Sports,premium
33,2024-12-21,225.72,Sports,premium
33,2024-12-22,286.05,Travel,premium
33,2024-12-22,270.03,Sports,premium
33,2024-12-22,186.19,Sports,premium
33,2024-12-25,275.84,Electronics,premium
33,2024-12-26,411.32,Sports,premium
33,2024-12-27,207.54,Books,premium
34,2024-07-15,286.32,Home,premium
34,2024-08-21,366.36,Home,premium
34,2024-09-06,366.76,Books,premium
34,2024-09-25,319.2,Home,premium
34,2024-09-28,296.93,Home,premium
34,2024-09-30,418.07,Books,premium
34,2024-10-06,376.74,Books,premium
34,2024-10-08,164.83,Books,premium
34,2024-10-08,317.34,Books,premium
34,2024-10-13,318.88,Home,premium
34,2024-10-14,230.46,Books,premium
34,2024-10-18,305.05,Books,premium
34,2024-10-18,203.21,Home,premium
34,2024-10-19,358.0,Home,premium
34,2024-10-19,448.76,Books,premium
34,2024-10-20,342.77,Books,premium
34,2024-10-23,222.73,Home,premium
34,2024-10-24,306.89,Home,premium
34,2024-10-24,269.08,Home,premium
34,2024-10-24,150.57,Home,premium
35,2024-11-17,224.18,Beauty,premium
35,2024-11-22,227.45,Electronics,premium
35,2024-11-23,156.93,Electronics,premium
35,2024-11-25,229.9,Fashion,premium
35,2024-11-27,281.23,Fashion,premium
35,2024-11-27,295.18,Electronics,premium
35,2024-12-01,352.13,Fashion,premium
35,2024-12-02,346.01,Groceries,premium
35,2024-12-02,210.63,Travel,premium
35,2024-12-06,258.16,Beauty,premium
35,2024-12-07,217.8,Electronics,premium
35,2024-12-08,241.9,Travel,premium
35,2024-12-08,349.95,Sports,premium
35,2024-12-08,267.23,Electronics,premium
35,2024-12-09,355.6,Fashion,premium
35,2024-12-11,311.24,Groceries,premium
35,2024-12-11,271.74,Electronics,premium
35,2024-12-12,274.76,Electronics,premium
35,2024-12-12,438.54,Travel,premium
35,2024-12-14,393.82,Sports,premium
35,2024-12-14,354.1,Groceries,premium
35,2024-12-15,357.23,Electronics,premium
35,2024-12-15,378.89,Travel,premium
35,2024-12-15,310.58,Electronics,premium
35,2024-12-16,215.68,Fashion,premium
35,2024-12-16,265.17,Beauty,premium
35,2024-12-17,140.71,Travel,premium
35,2024-12-18,85.98,Electronics,premium
35,2024-12-18,277.59,Beauty,premium
36,2024-09-09,173.91,Travel,premium
36,2024-10-04,207.95,Travel,premium
36,2024-10-19,331.07,Fashion,premium
36,2024-10-30,209.72,Fashion,premium
36,2024-11-03,167.0,Fashion,premium
36,2024-11-05,283.27,Travel,premium
36,2024-11-06,199.83,Books,premium
36,2024-11-07,157.97,Beauty,premium
36,2024-11-12,189.29,Fashion,premium
36,2024-11-24,261.71,Fashion,premium
36,2024-11-25,200.45,Books,premium
36,2024-11-26,342.32,Beauty,premium
36,2024-12-04,87.21,Travel,premium
36,2024-12-06,278.46,Travel,premium
36,2024-12-07,258.97,Beauty,premium
37,2024-10-13,327.35,Sports,premium
37,2024-10-24,346.63,Beauty,premium
37,2024-10-28,300.14,Groceries,premium
37,2024-10-29,189.03,Electronics,premium
37,2024-11-02,204.85,Electronics,premium
37,2024-11-07,352.28,Sports,premium
37,2024-11-11,284.85,Fashion,premium
37,2024-11-15,215.13,Sports,premium
37,2024-11-15,179.39,Sports,premium
37,2024-11-15,223.57,Groceries,premium
37,2024-11-15,284.99,Groceries,premium
37,2024-11-17,213.19,Beauty,premium
37,2024-11-20,447.16,Groceries,premium
37,2024-11-23,362.85,Electronics,premium
37,2024-11-23,217.15,Groceries,premium
37,2024-11-24,237.6,Groceries,premium
37,2024-11-24,297.97,Groceries,premium
37,2024-11-24,266.39,Fashion,premium
37,2024-11-25,174.87,Electronics,premium
37,2024-11-26,356.29,Sports,premium
37,2024-11-26,276.42,Beauty,premium
37,2024-11-26,89.95,Sports,premium
37,2024-11-27,327.86,Beauty,premium
37,2024-11-27,283.84,Fashion,premium
37,2024-11-27,306.55,Electronics,premium
37,2024-11-27,441.94,Groceries,premium
37,2024-11-28,170.95,Groceries,premium
37,2024-11-28,214.21,Beauty,premium
37,2024-11-28,385.36,Fashion,premium
37,2024-11-29,322.08,Groceries,premium
37,2024-11-30,270.26,Electronics,premium
37,2024-11-30,312.61,Sports,premium
37,2024-11-30,322.3,Beauty,premium
37,2024-11-30,398.87,Sports,premium
37,2024-11-30,262.35,Groceries,premium
37,2024-11-30,279.49,Beauty,premium
38,2024-10-09,315.31,Books,premium
38,2024-10-12,210.8,Groceries,premium
38,2024-10-23,414.68,Sports,premium
38,2024-10-29,237.83,Groceries,premium
38,2024-11-07,409.38,Sports,premium
38,2024-11-07,288.35,Groceries,premium
38,2024-11-08,342.34,Beauty,premium
38,2024-11-09,256.75,Groceries,premium
38,2024-11-12,392.88,Beauty,premium
38,2024-11-12,247.57,Electronics,premium
38,2024-11-14,163.91,Groceries,premium
38,2024-11-17,279.03,Books,premium
38,2024-11-21,339.69,Electronics,premium
38,2024-11-22,150.0,Books,premium
38,2024-11-23,167.54,Sports,premium
38,2024-11-25,205.5,Groceries,premium
38,2024-11-25,207.73,Sports,premium
38,2024-11-25,272.86,Groceries,premium
38,2024-11-25,351.95,Beauty,premium
38,2024-11-26,339.57,Electronics,premium
38,2024-11-27,137.71,Groceries,premium
38,2024-11-27,305.57,Groceries,premium
38,2024-11-27,356.24,Books,premium
38,2024-11-29,103.39,Books,premium
38,2024-11-29,228.01,Groceries,premium
38,2024-11-29,290.72,Books,premium
38,2024-11-30,193.02,Sports,premium
38,2024-12-01,193.13,Sports,premium
38,2024-12-01,368.56,Electronics,premium
38,2024-12-02,207.42,Books,premium
38,2024-12-02,259.86,Beauty,premium
38,2024-12-02,370.69,Groceries,premium
38,2024-12-02,349.09,Books,premium
39,2024-11-03,347.12,Beauty,premium
39,2024-11-08,230.62,Groceries,premium
39,2024-11-10,176.07,Fashion,premium
39,2024-11-18,182.22,Beauty,premium
39,2024-11-21,315.16,Fashion,premium
39,2024-11-24,342.31,Beauty,premium
39,2024-11-25,279.55,Electronics,premium
39,2024-11-27,333.5,Books,premium
39,2024-11-28,316.33,Fashion,premium
39,2024-11-28,237.22,Books,premium
39,2024-11-28,300.48,Groceries,premium
39,2024-11-28,254.14,Books,premium
39,2024-11-28,158.57,Electronics,premium
39,2024-11-30,251.44,Beauty,premium
39,2024-12-02,295.46,Groceries,premium
39,2024-12-03,385.57,Electronics,premium
39,2024-12-04,137.73,Beauty,premium
39,2024-12-05,227.6,Electronics,premium
39,2024-12-05,294.97,Fashion,premium
39,2024-12-06,298.39,Fashion,premium
39,2024-12-08,335.48,Electronics,premium
39,2024-12-10,248.64,Groceries,premium
39,2024-12-10,228.05,Electronics,premium
39,2024-12-12,341.77,Books,premium
39,2024-12-13,285.58,Beauty,premium
39,2024-12-13,228.82,Electronics,premium
39,2024-12-14,250.68,Groceries,premium
40,2024-08-30,277.82,Books,premium
40,2024-09-13,258.62,Travel,premium
40,2024-10-10,289.05,Fashion,premium
40,2024-10-18,204.85,Groceries,premium
40,2024-11-08,172.98,Fashion,premium
40,2024-11-08,299.15,Travel,premium
40,2024-11-09,287.7,Home,premium
40,2024-11-13,164.49,Home,premium
40,2024-11-18,273.32,Books,premium
40,2024-11-23,164.03,Fashion,premium
40,2024-12-03,429.74,Books,premium
40,2024-12-04,319.14,Home,premium
40,2024-12-05,185.13,Groceries,premium
40,2024-12-08,307.59,Fashion,premium
40,2024-12-11,236.27,Fashion,premium
40,2024-12-12,258.27,Home,premium
41,2024-10-11,361.09,Travel,premium
41,2024-10-18,300.87,Books,premium
41,2024-10-21,303.77,Home,premium
41,2024-10-21,301.11,Home,premium
41,2024-10-26,158.05,Electronics,premium
41,2024-10-30,203.38,Home,premium
41,2024-11-01,332.0,Groceries,premium
41,2024-11-03,308.73,Home,premium
41,2024-11-08,325.44,Home,premium
41,2024-11-08,260.3,Electronics,premium
41,2024-11-10,335.82,Books,premium
41,2024-11-10,316.83,Electronics,premium
41,2024-11-11,172.04,Fashion,premium
41,2024-11-13,319.97,Books,premium
41,2024-11-13,317.76,Groceries,premium
41,2024-11-13,242.07,Fashion,premium
41,2024-11-14,386.08,Home,premium
41,2024-11-17,358.21,Home,premium
41,2024-11-17,219.77,Home,premium
41,2024-11-18,327.81,Home,premium
41,2024-11-18,233.13,Travel,premium
41,2024-11-19,344.83,Home,premium
41,2024-11-20,258.43,Electronics,premium
41,2024-11-20,261.53,Groceries,premium
41,2024-11-21,396.26,Electronics,premium
41,2024-11-21,346.46,Electronics,premium
41,2024-11-22,198.61,Travel,premium
41,2024-11-22,187.71,Travel,premium
41,2024-11-22,289.09,Electronics,premium
41,2024-11-22,236.04,Books,premium
41,2024-11-23,348.77,Electronics,premium
41,2024-11-23,224.77,Fashion,premium
42,2024-11-10,365.19,Home,premium
42,2024-11-13,108.78,Groceries,premium
42,2024-11-19,313.41,Groceries,premium
42,2024-11-24,347.76,Books,premium
42,2024-11-30,313.61,Groceries,premium
42,2024-12-01,328.55,Groceries,premium
42,2024-12-03,317.89,Travel,premium
42,2024-12-09,205.89,Books,premium
42,2024-12-10,246.61,Groceries,premium
42,2024-12-15,256.39,Travel,premium
42,2024-12-15,358.07,Beauty,premium
42,2024-12-16,353.48,Groceries,premium
42,2024-12-20,200.94,Beauty,premium
42,2024-12-20,137.38,Home,premium
42,2024-12-20,223.23,Books,premium
42,2024-12-20,179.32,Home,premium
42,2024-12-21,288.46,Books,premium
42,2024-12-21,157.82,Home,premium
42,2024-12-21,169.79,Books,premium
42,2024-12-22,234.82,Home,premium
42,2024-12-23,112.63,Groceries,premium
42,2024-12-24,393.03,Home,premium
42,2024-12-25,212.25,Beauty,premium
42,2024-12-25,417.59,Groceries,premium
43,2024-10-01,434.52,Travel,premium
43,2024-10-17,365.13,Travel,premium
43,2024-10-23,272.05,Groceries,premium
43,2024-11-02,248.99,Groceries,premium
43,2024-11-03,226.12,Home,premium
43,2024-11-06,386.54,Travel,premium
43,2024-11-14,283.51,Travel,premium
43,2024-11-14,253.93,Home,premium
43,2024-11-15,279.16,Home,premium
43,2024-11-18,208.24,Home,premium
43,2024-11-19,226.16,Home,premium
43,2024-11-20,347.87,Groceries,premium
43,2024-11-21,100.25,Travel,premium
43,2024-11-21,277.07,Travel,premium
43,2024-11-24,308.48,Travel,premium
43,2024-11-28,219.94,Home,premium
43,2024-12-01,272.51,Groceries,premium
43,2024-12-02,209.19,Groceries,premium
43,2024-12-07,396.57,Home,premium
43,2024-12-09,326.51,Home,premium
44,2024-11-19,197.4,Beauty,premium
44,2024-11-22,311.83,Sports,premium
44,2024-11-22,200.97,Books,premium
44,2024-12-02,354.66,Groceries,premium
44,2024-12-03,219.35,Fashion,premium
44,2024-12-04,225.01,Beauty,premium
44,2024-12-05,170.21,Groceries,premium
44,2024-12-05,282.48,Beauty,premium
44,2024-12-06,207.38,Beauty,premium
44,2024-12-06,401.54,Beauty,premium
44,2024-12-10,273.47,Groceries,premium
44,2024-12-11,323.47,Books,premium
44,2024-12-12,293.75,Groceries,premium
44,2024-12-13,324.26,Sports,premium
44,2024-12-14,268.32,Sports,premium
44,2024-12-14,383.23,Books,premium
44,2024-12-15,157.93,Sports,premium
44,2024-12-16,329.43,Fashion,premium
44,2024-12-25,307.99,Fashion,premium
44,2024-12-25,277.77,Beauty,premium
44,2024-12-26,204.05,Fashion,premium
44,2024-12-27,394.78,Groceries,premium
45,2024-09-11,393.64,Fashion,premium
45,2024-10-01,309.49,Electronics,premium
45,2024-10-12,305.26,Fashion,premium
45,2024-10-28,198.67,Home,premium
45,2024-10-30,260.47,Fashion,premium
45,2024-11-08,377.18,Fashion,premium
45,2024-11-09,232.19,Sports,premium
45,2024-11-12,366.54,Fashion,premium
45,2024-11-16,175.02,Sports,premium
45,2024-11-26,386.79,Home,premium
45,2024-11-30,330.38,Fashion,premium
45,2024-12-10,310.94,Fashion,premium
45,2024-12-14,367.28,Fashion,premium
46,2024-10-12,373.58,Travel,premium
46,2024-10-21,325.03,Books,premium
46,2024-10-23,209.61,Travel,premium
46,2024-10-26,253.19,Sports,premium
46,2024-11-02,307.39,Books,premium
46,2024-11-02,321.85,Beauty,premium
46,2024-11-03,386.47,Sports,premium
46,2024-11-05,432.48,Beauty,premium
46,2024-11-07,242.95,Sports,premium
46,2024-11-10,77.64,Home,premium
46,2024-11-14,256.27,Books,premium
46,2024-11-15,147.62,Sports,premium
46,2024-11-15,323.1,Books,premium
46,2024-11-15,246.45,Beauty,premium
46,2024-11-17,299.92,Sports,premium
46,2024-11-17,274.08,Travel,premium
46,2024-11-17,243.87,Sports,premium
46,2024-11-19,189.55,Home,premium
46,2024-11-19,329.82,Beauty,premium
46,2024-11-20,266.68,Home,premium
46,2024-11-20,296.95,Travel,premium
46,2024-11-20,300.25,Travel,premium
46,2024-11-22,345.63,Home,premium
46,2024-11-22,265.41,Home,premium
46,2024-11-22,241.23,Sports,premium
46,2024-11-26,307.45,Home,premium
46,2024-11-26,304.68,Beauty,premium
46,2024-11-27,394.76,Sports,premium
46,2024-11-27,300.57,Books,premium
47,2024-11-26,242.97,Electronics,premium
47,2024-12-02,289.32,Books,premium
47,2024-12-02,271.92,Groceries,premium
47,2024-12-03,276.74,Groceries,premium
47,2024-12-11,295.14,Electronics,premium
47,2024-12-15,210.88,Electronics,premium
47,2024-12-16,169.32,Books,premium
47,2024-12-19,330.39,Books,premium
47,2024-12-22,116.85,Groceries,premium
47,2024-12-23,293.92,Books,premium
47,2024-12-23,196.87,Electronics,premium
47,2024-12-24,276.09,Books,premium
47,2024-12-24,167.58,Groceries,premium
47,2024-12-25,427.41,Groceries,premium
47,2024-12-25,326.96,Books,premium
47,2024-12-26,258.15,Groceries,premium
47,2024-12-27,364.35,Groceries,premium
47,2024-12-27,405.03,Electronics,premium
47,2024-12-27,258.08,Books,premium
47,2024-12-27,418.33,Electronics,premium
47,2024-12-28,285.94,Electronics,premium
47,2024-12-28,181.34,Groceries,premium
48,2024-10-22,268.66,Home,premium
48,2024-11-03,185.29,Travel,premium
48,2024-11-10,200.02,Fashion,premium
48,2024-11-11,217.32,Home,premium
48,2024-11-13,291.37,Fashion,premium
48,2024-11-15,325.98,Beauty,premium
48,2024-11-17,314.37,Home,premium
48,2024-11-17,389.21,Travel,premium
48,2024-11-17,339.37,Beauty,premium
48,2024-11-20,359.91,Beauty,premium
48,2024-11-23,430.99,Home,premium
48,2024-11-25,289.56,Beauty,premium
48,2024-11-27,373.73,Home,premium
48,2024-11-27,250.77,Fashion,premium
48,2024-12-02,291.3,Electronics,premium
48,2024-12-02,109.55,Travel,premium
48,2024-12-04,402.75,Home,premium
48,2024-12-04,265.79,Electronics,premium
48,2024-12-05,337.84,Travel,premium
48,2024-12-05,243.7,Travel,premium
48,2024-12-05,331.94,Travel,premium
48,2024-12-05,340.59,Electronics,premium
48,2024-12-06,234.41,Travel,premium
48,2024-12-06,306.36,Fashion,premium
48,2024-12-06,246.7,Beauty,premium
48,2024-12-07,189.59,Fashion,premium
48,2024-12-08,237.17,Travel,premium
49,2024-10-26,231.68,Electronics,premium
49,2024-11-13,261.64,Books,premium
49,2024-11-14,214.39,Home,premium
49,2024-11-18,179.89,Books,premium
49,2024-11-22,242.53,Books,premium
49,2024-11-29,187.62,Books,premium
49,2024-12-03,240.22,Books,premium
49,2024-12-05,228.73,Fashion,premium
49,2024-12-09,286.82,Groceries,premium
49,2024-12-11,40.71,Groceries,premium
49,2024-12-12,301.14,Groceries,premium
49,2024-12-12,338.02,Electronics,premium
49,2024-12-14,204.09,Groceries,premium
49,2024-12-14,419.79,Groceries,premium
49,2024-12-16,370.85,Home,premium
49,2024-12-16,191.5,Home,premium
49,2024-12-19,291.8,Fashion,premium
49,2024-12-24,286.16,Home,premium
49,2024-12-24,298.12,Fashion,premium
49,2024-12-24,300.4,Fashion,premium
49,2024-12-25,134.35,Groceries,premium
49,2024-12-25,301.6,Groceries,premium
49,2024-12-25,313.21,Home,premium
49,2024-12-26,228.48,Fashion,premium
49,2024-12-29,135.56,Home,premium
49,2024-12-29,389.9,Electronics,premium
50,2024-10-10,297.58,Electronics,premium
50,2024-10-17,158.36,Books,premium
50,2024-10-19,261.29,Electronics,premium
50,2024-10-20,318.88,Sports,premium
50,2024-10-25,156.22,Sports,premium
50,2024-10-25,314.37,Sports,premium
50,2024-10-25,314.67,Books,premium
50,2024-10-26,177.03,Books,premium
50,2024-10-26,168.23,Electronics,premium
50,2024-10-27,193.76,Electronics,premium
50,2024-10-29,229.07,Sports,premium
50,2024-11-01,158.45,Sports,premium
50,2024-11-02,53.43,Books,premium
50,2024-11-03,235.55,Electronics,premium
50,2024-11-03,175.89,Books,premium
50,2024-11-06,247.09,Electronics,premium
50,2024-11-06,372.31,Books,premium
50,2024-11-07,312.86,Sports,premium
50,2024-11-09,265.06,Electronics,premium
50,2024-11-09,295.23,Electronics,premium
50,2024-11-09,315.94,Sports,premium
50,2024-11-09,277.85,Travel,premium
50,2024-11-10,238.89,Sports,premium
50,2024-11-11,316.28,Sports,premium
50,2024-11-11,201.42,Travel,premium
50,2024-11-11,417.88,Electronics,premium
50,2024-11-11,319.93,Books,premium
50,2024-11-11,202.98,Books,premium
50,2024-11-12,263.47,Books,premium
50,2024-11-12,294.39,Electronics,premium
50,2024-11-12,318.99,Books,premium
51,2024-11-06,256.9,Books,premium
51,2024-11-12,186.7,Groceries,premium
51,2024-11-15,110.73,Books,premium
51,2024-11-19,300.34,Groceries,premium
51,2024-11-20,250.23,Groceries,premium
51,2024-11-25,154.58,Groceries,premium
51,2024-11-29,246.84,Groceries,premium
51,2024-11-30,319.95,Groceries,premium
51,2024-12-03,257.55,Groceries,premium
51,2024-12-03,292.25,Groceries,premium
51,2024-12-04,359.26,Books,premium
51,2024-12-04,360.19,Books,premium
51,2024-12-05,366.78,Groceries,premium
51,2024-12-07,222.21,Groceries,premium
51,2024-12-08,226.81,Groceries,premium
51,2024-12-08,260.91,Books,premium
51,2024-12-10,382.93,Groceries,premium
51,2024-12-11,399.06,Books,premium
51,2024-12-11,162.53,Books,premium
51,2024-12-11,265.74,Groceries,premium
51,2024-12-12,170.86,Books,premium
51,2024-12-14,202.92,Groceries,premium
51,2024-12-14,230.09,Books,premium
51,2024-12-15,264.28,Groceries,premium
51,2024-12-15,355.93,Groceries,premium
51,2024-12-15,294.94,Books,premium
51,2024-12-17,195.59,Books,premium
51,2024-12-17,332.33,Groceries,premium
52,2024-10-29,272.07,Beauty,premium
52,2024-10-30,231.77,Fashion,premium
52,2024-11-12,232.73,Home,premium
52,2024-11-15,332.4,Home,premium
52,2024-11-19,271.15,Books,premium
52,2024-11-22,208.27,Fashion,premium
52,2024-11-25,334.19,Books,premium
52,2024-11-29,218.0,Home,premium
52,2024-12-03,47.44,Fashion,premium
52,2024-12-03,250.01,Fashion,premium
52,2024-12-04,333.85,Fashion,premium
52,2024-12-04,90.38,Books,premium
52,2024-12-05,386.29,Fashion,premium
52,2024-12-08,305.05,Fashion,premium
52,2024-12-08,266.24,Beauty,premium
52,2024-12-08,266.43,Fashion,premium
52,2024-12-09,187.65,Home,premium
52,2024-12-10,139.85,Beauty,premium
52,2024-12-10,405.42,Books,premium
52,2024-12-11,211.24,Fashion,premium
52,2024-12-11,174.63,Beauty,premium
52,2024-12-11,342.08,Home,premium
52,2024-12-13,255.0,Fashion,premium
52,2024-12-14,328.8,Fashion,premium
52,2024-12-14,162.66,Fashion,premium
52,2024-12-14,239.89,Fashion,premium
52,2024-12-14,321.32,Home,premium
52,2024-12-14,357.84,Beauty,premium
52,2024-12-14,191.71,Beauty,premium
53,2024-09-27,203.81,Sports,premium
53,2024-10-08,225.84,Books,premium
53,2024-10-25,326.91,Electronics,premium
53,2024-11-06,248.31,Books,premium
53,2024-11-08,352.03,Electronics,premium
53,2024-11-11,316.1,Books,premium
53,2024-11-13,352.13,Sports,premium
53,2024-11-14,415.08,Groceries,premium
53,2024-11-20,338.85,Sports,premium
53,2024-11-22,422.54,Electronics,premium
53,2024-11-23,353.44,Groceries,premium
53,2024-11-25,218.73,Sports,premium
53,2024-11-26,195.99,Groceries,premium
53,2024-11-26,340.6,Electronics,premium
53,2024-11-29,215.34,Groceries,premium
53,2024-11-30,336.79,Sports,premium
53,2024-12-01,302.7,Electronics,premium
53,2024-12-03,200.97,Sports,premium
53,2024-12-04,257.11,Sports,premium
53,2024-12-06,110.81,Electronics,premium
53,2024-12-07,246.57,Groceries,premium
53,2024-12-09,117.94,Sports,premium
54,2024-09-16,423.15,Electronics,premium
54,2024-09-23,270.75,Electronics,premium
54,2024-11-09,300.21,Sports,premium
54,2024-11-10,209.51,Electronics,premium
54,2024-11-11,223.02,Sports,premium
54,2024-11-11,377.01,Groceries,premium
54,2024-11-14,418.79,Beauty,premium
54,2024-11-14,207.63,Sports,premium
54,2024-11-15,373.82,Groceries,premium
54,2024-11-16,122.4,Electronics,premium
54,2024-11-20,336.7,Groceries,premium
54,2024-11-25,298.52,Sports,premium
54,2024-11-26,331.72,Groceries,premium
54,2024-11-27,402.81,Groceries,premium
54,2024-11-28,227.44,Beauty,premium
54,2024-12-03,206.7,Groceries,premium
54,2024-12-04,388.44,Beauty,premium
54,2024-12-05,281.99,Electronics,premium
54,2024-12-08,255.96,Sports,premium
54,2024-12-09,286.37,Sports,premium
54,2024-12-09,324.32,Sports,premium
54,2024-12-11,287.93,Beauty,premium
55,2024-09-11,322.56,Fashion,premium
55,2024-11-18,308.93,Sports,premium
55,2024-11-26,339.6,Travel,premium
55,2024-12-05,395.16,Travel,premium
55,2024-12-06,446.88,Fashion,premium
55,2024-12-06,198.82,Sports,premium
55,2024-12-07,256.32,Fashion,premium
55,2024-12-09,260.79,Fashion,premium
55,2024-12-12,275.69,Sports,premium
55,2024-12-12,201.42,Travel,premium
55,2024-12-14,211.74,Sports,premium
55,2024-12-18,286.82,Beauty,premium
55,2024-12-19,295.69,Sports,premium
55,2024-12-21,207.67,Sports,premium
55,2024-12-22,332.59,Sports,premium
55,2024-12-22,178.37,Sports,premium
55,2024-12-27,279.81,Beauty,premium
55,2024-12-27,232.86,Fashion,premium
56,2024-11-04,389.29,Travel,premium
56,2024-11-24,394.73,Travel,premium
56,2024-11-25,299.97,Beauty,premium
56,2024-11-29,272.96,Travel,premium
56,2024-11-29,307.06,Sports,premium
56,2024-12-01,286.29,Travel,premium
56,2024-12-03,109.7,Beauty,premium
56,2024-12-07,114.8,Sports,premium
56,2024-12-11,225.12,Sports,premium
56,2024-12-11,136.49,Beauty,premium
56,2024-12-13,171.56,Sports,premium
56,2024-12-13,439.43,Travel,premium
56,2024-12-14,217.66,Beauty,premium
56,2024-12-15,406.54,Sports,premium
56,2024-12-16,233.31,Travel,premium
56,2024-12-19,238.41,Sports,premium
56,2024-12-22,240.63,Beauty,premium
56,2024-12-23,200.25,Beauty,premium
57,2024-11-04,367.61,Sports,premium
57,2024-11-10,314.68,Sports,premium
57,2024-11-15,295.64,Travel,premium
57,2024-11-20,272.09,Groceries,premium
57,2024-11-22,324.77,Electronics,premium
57,2024-11-25,214.92,Electronics,premium
57,2024-12-03,314.88,Groceries,premium
57,2024-12-03,77.42,Sports,premium
57,2024-12-03,294.94,Travel,premium
57,2024-12-03,317.81,Sports,premium
57,2024-12-04,226.01,Groceries,premium
57,2024-12-04,247.75,Sports,premium
57,2024-12-05,178.83,Sports,premium
57,2024-12-07,402.34,Sports,premium
57,2024-12-08,347.26,Electronics,premium
57,2024-12-09,296.62,Sports,premium
57,2024-12-10,256.53,Groceries,premium
57,2024-12-11,164.05,Groceries,premium
57,2024-12-14,314.07,Sports,premium
57,2024-12-14,313.46,Electronics,premium
57,2024-12-15,371.32,Sports,premium
57,2024-12-15,235.25,Sports,premium
57,2024-12-15,315.54,Travel,premium
57,2024-12-16,368.11,Groceries,premium
58,2024-10-31,278.52,Sports,premium
58,2024-11-02,45.64,Electronics,premium
58,2024-11-03,444.24,Beauty,premium
58,2024-11-07,261.48,Groceries,premium
58,2024-11-12,279.04,Home,premium
58,2024-11-22,364.44,Groceries,premium
58,2024-11-24,500.06,Fashion,premium
58,2024-11-27,323.76,Fashion,premium
58,2024-12-05,285.51,Sports,premium
58,2024-12-05,68.07,Electronics,premium
58,2024-12-09,388.12,Groceries,premium
58,2024-12-10,187.49,Fashion,premium
58,2024-12-13,460.5,Fashion,premium
58,2024-12-17,331.61,Sports,premium
59,2024-11-19,374.45,Fashion,premium
59,2024-11-26,229.81,Fashion,premium
59,2024-12-09,320.22,Books,premium
59,2024-12-12,252.14,Home,premium
59,2024-12-15,239.86,Fashion,premium
59,2024-12-15,170.2,Fashion,premium
59,2024-12-16,232.21,Fashion,premium
59,2024-12-18,366.23,Electronics,premium
59,2024-12-19,416.96,Fashion,premium
59,2024-12-19,140.19,Electronics,premium
59,2024-12-21,307.18,Home,premium
59,2024-12-21,302.56,Home,premium
59,2024-12-23,216.36,Fashion,premium
59,2024-12-23,313.95,Electronics,premium
59,2024-12-23,103.2,Fashion,premium
59,2024-12-23,368.33,Electronics,premium
59,2024-12-24,202.75,Books,premium
59,2024-12-25,410.33,Electronics,premium
59,2024-12-25,389.45,Fashion,premium
59,2024-12-26,186.5,Fashion,premium
59,2024-12-27,133.47,Fashion,premium
59,2024-12-27,195.9,Books,premium
59,2024-12-28,185.58,Home,premium
59,2024-12-28,301.08,Fashion,premium
59,2024-12-28,447.67,Books,premium
59,2024-12-29,407.56,Electronics,premium
59,2024-12-29,376.37,Electronics,premium
59,2024-12-29,230.07,Fashion,premium
60,2024-11-29,231.57,Sports,premium
60,2024-11-29,178.4,Groceries,premium
60,2024-12-09,302.96,Books,premium
60,2024-12-14,190.32,Sports,premium
60,2024-12-15,118.5,Groceries,premium
60,2024-12-17,224.89,Sports,premium
60,2024-12-17,291.42,Books,premium
60,2024-12-18,160.87,Sports,premium
60,2024-12-18,287.53,Sports,premium
60,2024-12-19,152.88,Sports,premium
60,2024-12-21,398.41,Sports,premium
60,2024-12-23,271.41,Books,premium
60,2024-12-24,359.95,Groceries,premium
60,2024-12-25,284.9,Groceries,premium
60,2024-12-25,285.98,Sports,premium
60,2024-12-25,202.13,Books,premium
60,2024-12-25,360.57,Books,premium
60,2024-12-25,306.89,Sports,premium
60,2024-12-26,261.8,Books,premium
60,2024-12-26,242.09,Sports,premium
60,2024-12-27,250.74,Sports,premium
60,2024-12-28,189.39,Sports,premium
60,2024-12-28,340.73,Books,premium
60,2024-12-28,215.46,Books,premium
60,2024-12-28,144.59,Books,premium
60,2024-12-28,282.72,Books,premium
60,2024-12-29,288.91,Sports,premium
60,2024-12-29,360.35,Books,premium
60,2024-12-29,223.96,Books,premium
61,2024-10-27,283.75,Sports,premium
61,2024-11-11,344.15,Books,premium
61,2024-11-13,232.24,Groceries,premium
61,2024-11-22,251.24,Home,premium
61,2024-11-28,480.3,Sports,premium
61,2024-12-01,223.95,Books,premium
61,2024-12-02,350.61,Groceries,premium
61,2024-12-08,248.45,Books,premium
61,2024-12-18,267.85,Groceries,premium
61,2024-12-19,219.78,Books,premium
61,2024-12-20,216.89,Books,premium
61,2024-12-20,278.85,Groceries,premium
61,2024-12-21,269.59,Home,premium
61,2024-12-23,192.47,Sports,premium
61,2024-12-24,340.47,Groceries,premium
61,2024-12-25,248.6,Books,premium
61,2024-12-25,335.37,Sports,premium
61,2024-12-28,219.19,Books,premium
62,2024-10-30,169.17,Fashion,premium
62,2024-11-15,343.46,Electronics,premium
62,2024-11-16,359.72,Electronics,premium
62,2024-11-20,221.63,Travel,premium
62,2024-11-20,313.93,Travel,premium
62,2024-11-21,283.16,Home,premium
62,2024-11-21,250.42,Electronics,premium
62,2024-11-28,250.79,Electronics,premium
62,2024-11-28,226.31,Fashion,premium
62,2024-11-28,269.66,Books,premium
62,2024-11-29,297.19,Electronics,premium
62,2024-11-30,235.06,Travel,premium
62,2024-11-30,391.94,Fashion,premium
62,2024-12-03,249.45,Electronics,premium
62,2024-12-05,319.75,Home,premium
62,2024-12-06,365.58,Fashion,premium
62,2024-12-07,147.57,Books,premium
62,2024-12-09,257.16,Travel,premium
62,2024-12-09,118.52,Home,premium
62,2024-12-10,291.61,Home,premium
62,2024-12-13,343.45,Fashion,premium
62,2024-12-14,270.24,Home,premium
62,2024-12-15,216.24,Books,premium
62,2024-12-15,491.85,Home,premium
62,2024-12-16,290.31,Books,premium
63,2024-10-26,272.41,Fashion,premium
63,2024-11-03,282.78,Fashion,premium
63,2024-11-11,331.78,Fashion,premium
63,2024-11-15,131.3,Groceries,premium
63,2024-11-17,260.78,Fashion,premium
63,2024-11-17,353.28,Beauty,premium
63,2024-11-18,300.43,Groceries,premium
63,2024-11-18,142.68,Beauty,premium
63,2024-11-20,304.92,Beauty,premium
63,2024-11-22,270.45,Home,premium
63,2024-11-26,194.9,Beauty,premium
63,2024-12-03,216.81,Groceries,premium
63,2024-12-09,227.28,Sports,premium
63,2024-12-10,146.84,Beauty,premium
63,2024-12-10,278.73,Groceries,premium
63,2024-12-13,353.28,Fashion,premium
63,2024-12-14,267.97,Groceries,premium
63,2024-12-14,253.86,Groceries,premium
64,2024-10-06,384.26,Travel,premium
64,2024-10-14,205.27,Books,premium
64,2024-10-21,329.12,Groceries,premium
64,2024-10-25,318.24,Books,premium
64,2024-10-30,361.5,Sports,premium
64,2024-10-30,216.61,Beauty,premium
64,2024-11-04,307.12,Travel,premium
64,2024-11-09,178.84,Beauty,premium
64,2024-11-24,136.55,Groceries,premium
64,2024-11-28,249.37,Groceries,premium
64,2024-11-29,270.1,Travel,premium
64,2024-12-02,248.01,Groceries,premium
64,2024-12-02,301.54,Beauty,premium
64,2024-12-03,329.92,Groceries,premium
64,2024-12-04,384.04,Beauty,premium
64,2024-12-05,404.24,Travel,premium
64,2024-12-07,81.44,Beauty,premium
64,2024-12-08,374.55,Books,premium
65,2024-11-09,165.69,Electronics,premium
65,2024-11-20,297.75,Electronics,premium
65,2024-12-01,325.26,Electronics,premium
65,2024-12-08,245.19,Groceries,premium
65,2024-12-09,236.99,Electronics,premium
65,2024-12-10,365.48,Electronics,premium
65,2024-12-12,430.05,Groceries,premium
65,2024-12-15,409.53,Home,premium
65,2024-12-15,253.09,Electronics,premium
65,2024-12-16,155.69,Groceries,premium
65,2024-12-16,168.78,Electronics,premium
65,2024-12-17,292.62,Electronics,premium
65,2024-12-17,192.21,Electronics,premium
65,2024-12-19,161.85,Electronics,premium
65,2024-12-19,310.5,Home,premium
65,2024-12-20,269.13,Home,premium
65,2024-12-20,268.45,Home,premium
65,2024-12-20,252.33,Home,premium
65,2024-12-21,312.66,Groceries,premium
65,2024-12-21,255.16,Groceries,premium
65,2024-12-24,132.5,Electronics,premium
65,2024-12-24,208.77,Groceries,premium
65,2024-12-24,245.22,Electronics,premium
65,2024-12-24,317.0,Groceries,premium
65,2024-12-26,135.14,Electronics,premium
65,2024-12-26,318.65,Home,premium
66,2024-10-22,118.48,Electronics,premium
66,2024-11-12,169.37,Books,premium
66,2024-11-15,185.53,Electronics,premium
66,2024-11-18,332.04,Travel,premium
66,2024-11-19,314.72,Electronics,premium
66,2024-11-19,342.68,Travel,premium
66,2024-11-20,315.41,Beauty,premium
66,2024-11-20,282.11,Sports,premium
66,2024-11-21,338.68,Electronics,premium
66,2024-11-21,252.04,Travel,premium
66,2024-11-21,218.19,Sports,premium
66,2024-11-23,232.24,Travel,premium
66,2024-11-23,88.78,Electronics,premium
66,2024-11-23,323.01,Travel,premium
66,2024-11-24,314.25,Travel,premium
66,2024-11-24,321.22,Sports,premium
66,2024-11-25,213.26,Books,premium
66,2024-11-25,186.6,Books,premium
66,2024-11-26,321.64,Beauty,premium
66,2024-11-26,272.56,Travel,premium
66,2024-11-26,260.84,Beauty,premium
66,2024-11-28,221.47,Beauty,premium
66,2024-11-29,431.24,Electronics,premium
66,2024-12-01,385.14,Books,premium
66,2024-12-01,290.53,Books,premium
66,2024-12-02,326.41,Books,premium
66,2024-12-02,323.48,Electronics,premium
66,2024-12-02,362.65,Books,premium
66,2024-12-02,360.95,Electronics,premium
67,2024-11-02,279.03,Groceries,premium
67,2024-11-08,113.78,Groceries,premium
67,2024-11-13,254.38,Travel,premium
67,2024-11-14,232.18,Books,premium
67,2024-11-17,293.52,Groceries,premium
67,2024-11-19,185.3,Sports,premium
67,2024-11-21,380.53,Travel,premium
67,2024-12-03,272.0,Books,premium
67,2024-12-07,152.35,Groceries,premium
67,2024-12-08,240.94,Books,premium
67,2024-12-08,330.67,Groceries,premium
67,2024-12-11,406.03,Groceries,premium
67,2024-12-11,282.3,Groceries,premium
67,2024-12-11,395.87,Travel,premium
67,2024-12-12,266.61,Beauty,premium
67,2024-12-15,127.62,Travel,premium
67,2024-12-15,182.36,Sports,premium
67,2024-12-16,246.67,Sports,premium
68,2024-09-28,265.39,Home,premium
68,2024-11-14,245.1,Groceries,premium
68,2024-11-16,203.6,Home,premium
68,2024-11-18,282.94,Books,premium
68,2024-11-30,299.16,Groceries,premium
68,2024-12-04,311.97,Electronics,premium
68,2024-12-06,313.89,Home,premium
68,2024-12-06,342.72,Electronics,premium
68,2024-12-07,365.34,Books,premium
68,2024-12-07,254.25,Books,premium
68,2024-12-10,243.01,Electronics,premium
68,2024-12-11,312.92,Electronics,premium
68,2024-12-14,329.04,Electronics,premium
68,2024-12-14,211.09,Electronics,premium
68,2024-12-14,350.07,Books,premium
68,2024-12-15,242.67,Home,premium
68,2024-12-16,202.77,Home,premium
68,2024-12-16,414.29,Home,premium
68,2024-12-16,196.47,Groceries,premium
68,2024-12-17,310.37,Electronics,premium
68,2024-12-18,333.2,Electronics,premium
68,2024-12-18,200.95,Electronics,premium
69,2024-10-07,311.32,Groceries,premium
69,2024-10-15,331.95,Groceries,premium
69,2024-11-15,344.9,Groceries,premium
69,2024-11-17,159.98,Books,premium
69,2024-11-17,217.69,Books,premium
69,2024-11-28,199.53,Home,premium
69,2024-11-28,143.26,Books,premium
69,2024-11-28,395.76,Groceries,premium
69,2024-11-28,386.27,Home,premium
69,2024-12-02,303.55,Fashion,premium
69,2024-12-03,413.22,Home,premium
69,2024-12-04,232.95,Fashion,premium
69,2024-12-05,393.46,Groceries,premium
69,2024-12-05,215.4,Books,premium
69,2024-12-06,200.16,Books,premium
69,2024-12-07,260.58,Home,premium
69,2024-12-08,128.8,Fashion,premium
69,2024-12-10,231.39,Sports,premium
69,2024-12-10,269.02,Home,premium
69,2024-12-11,368.36,Books,premium
69,2024-12-12,231.87,Fashion,premium
69,2024-12-13,330.89,Home,premium
69,2024-12-13,150.12,Fashion,premium
70,2024-10-21,238.99,Electronics,premium
70,2024-11-15,241.27,Home,premium
70,2024-11-25,202.7,Home,premium
70,2024-12-04,173.67,Sports,premium
70,2024-12-05,275.1,Home,premium
70,2024-12-07,425.07,Fashion,premium
70,2024-12-08,252.57,Beauty,premium
70,2024-12-12,194.71,Electronics,premium
70,2024-12-14,284.9,Groceries,premium
70,2024-12-14,272.17,Sports,premium
70,2024-12-14,191.36,Groceries,premium
70,2024-12-15,135.64,Home,premium
70,2024-12-17,250.45,Electronics,premium
70,2024-12-18,300.15,Groceries,premium
70,2024-12-20,208.58,Sports,premium
70,2024-12-21,285.17,Electronics,premium
70,2024-12-21,146.63,Electronics,premium
70,2024-12-22,274.72,Fashion,premium
70,2024-12-22,399.67,Groceries,premium
70,2024-12-23,39.39,Groceries,premium
70,2024-12-23,325.69,Electronics,premium
70,2024-12-25,148.25,Sports,premium
70,2024-12-25,328.37,Beauty,premium
70,2024-12-26,288.84,Electronics,premium
70,2024-12-27,229.89,Beauty,premium
70,2024-12-27,214.02,Sports,premium
70,2024-12-27,386.68,Fashion,premium
70,2024-12-28,233.54,Sports,premium
70,2024-12-29,259.35,Groceries,premium
70,2024-12-29,343.83,Electronics,premium
71,2024-06-30,292.02,Travel,premium
71,2024-08-17,434.56,Electronics,premium
71,2024-10-13,154.33,Groceries,premium
71,2024-11-12,388.45,Electronics,premium
71,2024-11-17,248.29,Electronics,premium
71,2024-11-17,189.53,Groceries,premium
71,2024-11-17,394.81,Groceries,premium
71,2024-11-20,252.22,Groceries,premium
71,2024-11-25,308.43,Electronics,premium
71,2024-11-30,389.3,Travel,premium
71,2024-12-03,232.81,Travel,premium
71,2024-12-05,335.9,Travel,premium
72,2024-08-21,296.85,Fashion,premium
72,2024-08-27,436.69,Books,premium
72,2024-09-29,291.5,Electronics,premium
72,2024-09-29,236.51,Books,premium
72,2024-10-20,219.03,Fashion,premium
72,2024-10-31,154.12,Electronics,premium
72,2024-11-01,182.31,Books,premium
72,2024-11-07,286.3,Travel,premium
72,2024-11-10,293.39,Books,premium
72,2024-11-11,274.55,Travel,premium
72,2024-11-17,309.12,Books,premium
72,2024-11-20,372.75,Books,premium
72,2024-11-22,357.85,Beauty,premium
73,2024-10-07,208.19,Groceries,premium
73,2024-10-17,283.55,Books,premium
73,2024-10-18,140.34,Electronics,premium
73,2024-10-18,288.13,Groceries,premium
73,2024-10-23,288.45,Home,premium
73,2024-10-27,189.8,Groceries,premium
73,2024-10-29,370.23,Electronics,premium
73,2024-10-29,142.31,Groceries,premium
73,2024-10-29,206.71,Groceries,premium
73,2024-10-31,219.0,Groceries,premium
73,2024-11-06,362.9,Groceries,premium
73,2024-11-07,242.74,Books,premium
73,2024-11-08,136.95,Electronics,premium
73,2024-11-09,334.51,Books,premium
73,2024-11-09,187.7,Electronics,premium
73,2024-11-11,313.77,Electronics,premium
73,2024-11-11,404.55,Groceries,premium
73,2024-11-12,114.93,Groceries,premium
73,2024-11-12,254.61,Home,premium
73,2024-11-13,293.62,Home,premium
73,2024-11-14,356.43,Books,premium
73,2024-11-15,227.69,Groceries,premium
73,2024-11-15,282.19,Electronics,premium
73,2024-11-15,122.73,Electronics,premium
73,2024-11-16,273.37,Groceries,premium
74,2024-10-22,305.43,Books,premium
74,2024-10-27,279.8,Travel,premium
74,2024-11-01,369.3,Travel,premium
74,2024-11-02,257.52,Groceries,premium
74,2024-11-16,264.15,Travel,premium
74,2024-11-16,286.3,Sports,premium
74,2024-11-22,364.31,Groceries,premium
74,2024-11-26,269.36,Books,premium
74,2024-11-30,347.94,Beauty,premium
74,2024-12-16,226.65,Travel,premium
74,2024-12-19,295.83,Books,premium
75,2024-09-06,307.07,Travel,premium
75,2024-10-11,321.98,Groceries,premium
75,2024-10-17,399.63,Groceries,premium
75,2024-10-18,376.28,Travel,premium
75,2024-11-04,307.46,Books,premium
75,2024-11-19,398.4,Groceries,premium
75,2024-11-21,264.85,Books,premium
75,2024-11-27,224.45,Travel,premium
75,2024-11-28,157.61,Travel,premium
75,2024-11-30,331.18,Groceries,premium
75,2024-12-02,260.0,Books,premium
75,2024-12-02,363.11,Travel,premium
75,2024-12-02,322.44,Travel,premium
75,2024-12-03,194.67,Books,premium
75,2024-12-13,368.19,Electronics,premium
75,2024-12-15,382.97,Electronics,premium
75,2024-12-15,183.19,Travel,premium
75,2024-12-15,279.63,Books,premium
75,2024-12-18,309.66,Books,premium
75,2024-12-19,280.61,Books,premium
75,2024-12-20,418.31,Groceries,premium
76,2024-11-09,374.32,Electronics,premium
76,2024-11-12,149.5,Electronics,premium
76,2024-11-17,247.72,Electronics,premium
76,2024-11-27,358.49,Electronics,premium
76,2024-11-27,370.53,Home,premium
76,2024-11-28,190.46,Electronics,premium
76,2024-11-28,358.45,Electronics,premium
76,2024-11-29,364.38,Home,premium
76,2024-12-06,216.8,Home,premium
76,2024-12-06,281.99,Home,premium
76,2024-12-07,214.5,Electronics,premium
76,2024-12-08,358.54,Electronics,premium
76,2024-12-10,148.33,Electronics,premium
76,2024-12-11,365.39,Electronics,premium
76,2024-12-11,324.3,Home,premium
76,2024-12-13,331.76,Electronics,premium
76,2024-12-13,279.68,Home,premium
76,2024-12-14,276.17,Home,premium
76,2024-12-14,252.94,Electronics,premium
77,2024-10-07,218.8,Electronics,premium
77,2024-10-23,234.13,Books,premium
77,2024-10-27,257.88,Books,premium
77,2024-10-30,471.88,Beauty,premium
77,2024-10-31,493.93,Electronics,premium
77,2024-11-01,307.87,Fashion,premium
77,2024-11-03,208.17,Beauty,premium
77,2024-11-07,387.73,Groceries,premium
77,2024-11-07,179.1,Beauty,premium
77,2024-11-16,259.14,Fashion,premium
77,2024-11-19,180.91,Electronics,premium
77,2024-11-20,320.07,Electronics,premium
77,2024-11-21,209.72,Books,premium
77,2024-11-22,339.4,Electronics,premium
77,2024-11-22,228.99,Books,premium
77,2024-11-23,290.17,Fashion,premium
77,2024-11-23,286.96,Fashion,premium
77,2024-11-26,159.18,Fashion,premium
77,2024-11-27,275.39,Electronics,premium
77,2024-11-28,209.16,Groceries,premium
77,2024-11-28,292.95,Electronics,premium
77,2024-11-28,290.57,Books,premium
77,2024-11-29,270.82,Books,premium
77,2024-11-29,271.96,Books,premium
77,2024-11-29,275.41,Books,premium
77,2024-12-01,173.2,Groceries,premium
77,2024-12-01,192.79,Beauty,premium
78,2024-08-19,292.64,Home,premium
78,2024-10-22,244.1,Books,premium
78,2024-10-26,373.23,Sports,premium
78,2024-10-29,185.84,Home,premium
78,2024-11-03,425.64,Groceries,premium
78,2024-11-06,381.02,Travel,premium
78,2024-11-12,350.14,Travel,premium
78,2024-11-16,266.55,Travel,premium
78,2024-11-19,125.26,Groceries,premium
78,2024-11-22,293.37,Sports,premium
78,2024-11-23,283.07,Travel,premium
78,2024-11-24,230.91,Books,premium
78,2024-11-26,295.7,Books,premium
78,2024-11-27,291.43,Travel,premium
78,2024-11-27,280.8,Sports,premium
78,2024-11-28,257.8,Beauty,premium
79,2024-11-07,331.19,Fashion,premium
79,2024-11-20,174.73,Books,premium
79,2024-11-21,156.41,Fashion,premium
79,2024-11-22,236.86,Groceries,premium
79,2024-11-25,232.2,Sports,premium
79,2024-11-28,435.86,Beauty,premium
79,2024-11-29,321.86,Fashion,premium
79,2024-11-29,182.37,Books,premium
79,2024-11-30,118.61,Beauty,premium
79,2024-12-04,53.41,Books,premium
79,2024-12-04,343.54,Books,premium
79,2024-12-06,397.35,Fashion,premium
79,2024-12-06,335.12,Beauty,premium
79,2024-12-07,238.52,Groceries,premium
79,2024-12-08,336.28,Beauty,premium
79,2024-12-08,452.39,Books,premium
79,2024-12-08,207.16,Fashion,premium
79,2024-12-08,448.57,Sports,premium
79,2024-12-10,276.36,Books,premium
79,2024-12-11,228.37,Fashion,premium
79,2024-12-11,256.42,Beauty,premium
79,2024-12-12,205.06,Sports,premium
79,2024-12-12,181.21,Books,premium
79,2024-12-12,356.6,Sports,premium
79,2024-12-13,318.42,Sports,premium
79,2024-12-13,195.59,Books,premium
79,2024-12-13,354.5,Sports,premium
79,2024-12-14,338.55,Groceries,premium
79,2024-12-14,348.91,Fashion,premium
79,2024-12-14,300.11,Books,premium
79,2024-12-14,186.07,Sports,premium
80,2024-10-07,248.13,Electronics,premium
80,2024-10-31,379.46,Travel,premium
80,2024-11-07,392.55,Home,premium
80,2024-11-11,241.27,Home,premium
80,2024-11-12,319.21,Groceries,premium
80,2024-11-19,323.81,Books,premium
80,2024-11-22,121.83,Books,premium
80,2024-11-22,366.73,Groceries,premium
80,2024-11-30,282.16,Travel,premium
80,2024-12-02,308.56,Books,premium
80,2024-12-02,283.01,Travel,premium
80,2024-12-03,258.12,Electronics,premium
80,2024-12-03,360.57,Groceries,premium
80,2024-12-05,321.44,Home,premium
80,2024-12-07,117.36,Groceries,premium
80,2024-12-07,448.99,Home,premium
80,2024-12-10,282.79,Electronics,premium
80,2024-12-10,439.75,Books,premium
80,2024-12-10,312.54,Travel,premium
81,2024-09-29,271.97,Beauty,premium
81,2024-10-10,215.62,Sports,premium
81,2024-10-15,282.46,Beauty,premium
81,2024-10-25,269.73,Fashion,premium
81,2024-10-31,303.19,Home,premium
81,2024-11-05,327.47,Fashion,premium
81,2024-11-08,206.12,Sports,premium
81,2024-11-12,187.28,Beauty,premium
81,2024-11-15,242.47,Beauty,premium
81,2024-11-17,378.74,Sports,premium
81,2024-11-20,199.3,Home,premium
81,2024-11-27,269.74,Fashion,premium
81,2024-11-28,300.37,Home,premium
81,2024-11-28,368.45,Home,premium
81,2024-11-30,270.88,Fashion,premium
81,2024-12-02,169.52,Home,premium
81,2024-12-04,316.19,Sports,premium
81,2024-12-04,105.33,Fashion,premium
82,2024-10-12,112.6,Home,premium
82,2024-10-19,279.15,Travel,premium
82,2024-11-14,171.46,Groceries,premium
82,2024-11-27,253.34,Electronics,premium
82,2024-11-28,294.55,Electronics,premium
82,2024-11-28,274.76,Home,premium
82,2024-11-30,151.73,Home,premium
82,2024-12-01,194.7,Home,premium
82,2024-12-02,470.32,Sports,premium
82,2024-12-04,202.57,Beauty,premium
82,2024-12-04,324.86,Travel,premium
82,2024-12-05,277.7,Beauty,premium
82,2024-12-05,173.72,Electronics,premium
82,2024-12-06,405.87,Travel,premium
82,2024-12-06,324.65,Groceries,premium
82,2024-12-08,143.37,Beauty,premium
82,2024-12-08,306.6,Home,premium
82,2024-12-09,349.5,Travel,premium
82,2024-12-10,185.09,Sports,premium
82,2024-12-12,284.04,Travel,premium
83,2024-11-19,295.27,Electronics,premium
83,2024-11-22,277.09,Electronics,premium
83,2024-11-29,237.26,Sports,premium
83,2024-12-02,292.07,Sports,premium
83,2024-12-04,526.15,Sports,premium
83,2024-12-05,388.81,Groceries,premium
83,2024-12-07,243.75,Home,premium
83,2024-12-08,240.53,Sports,premium
83,2024-12-11,172.79,Sports,premium
83,2024-12-11,314.58,Home,premium
83,2024-12-13,326.73,Sports,premium
83,2024-12-14,329.11,Groceries,premium
83,2024-12-14,359.5,Home,premium
83,2024-12-15,389.91,Groceries,premium
83,2024-12-15,293.72,Home,premium
83,2024-12-15,311.28,Groceries,premium
83,2024-12-16,330.6,Electronics,premium
83,2024-12-17,242.07,Sports,premium
83,2024-12-17,296.08,Sports,premium
83,2024-12-18,246.18,Electronics,premium
83,2024-12-19,298.2,Sports,premium
83,2024-12-19,330.88,Groceries,premium
83,2024-12-20,198.96,Groceries,premium
83,2024-12-20,145.02,Groceries,premium
83,2024-12-21,194.86,Groceries,premium
83,2024-12-21,279.21,Groceries,premium
83,2024-12-21,376.71,Electronics,premium
83,2024-12-21,227.08,Home,premium
83,2024-12-22,248.65,Sports,premium
83,2024-12-22,198.58,Home,premium
83,2024-12-22,310.48,Sports,premium
83,2024-12-22,244.4,Groceries,premium
84,2024-10-13,232.6,Travel,premium
84,2024-11-22,239.83,Groceries,premium
84,2024-11-25,199.42,Travel,premium
84,2024-11-30,245.49,Electronics,premium
84,2024-12-02,271.7,Travel,premium
84,2024-12-02,243.22,Groceries,premium
84,2024-12-02,323.47,Travel,premium
84,2024-12-03,265.29,Electronics,premium
84,2024-12-05,295.06,Groceries,premium
84,2024-12-05,280.25,Groceries,premium
84,2024-12-06,378.4,Groceries,premium
84,2024-12-06,256.75,Electronics,premium
84,2024-12-07,232.47,Travel,premium
84,2024-12-10,326.98,Groceries,premium
84,2024-12-10,263.55,Electronics,premium
84,2024-12-11,456.44,Travel,premium
84,2024-12-11,375.95,Electronics,premium
84,2024-12-11,391.88,Groceries,premium
84,2024-12-13,407.75,Travel,premium
84,2024-12-14,299.22,Travel,premium
84,2024-12-14,380.25,Electronics,premium
85,2024-10-15,197.62,Groceries,premium
85,2024-11-02,276.67,Sports,premium
85,2024-11-04,360.1,Groceries,premium
85,2024-11-12,193.03,Sports,premium
85,2024-11-15,235.08,Sports,premium
85,2024-11-15,235.19,Home,premium
85,2024-11-19,260.01,Groceries,premium
85,2024-11-30,228.56,Books,premium
85,2024-12-02,262.99,Groceries,premium
85,2024-12-04,270.82,Fashion,premium
85,2024-12-04,325.34,Books,premium
85,2024-12-06,305.01,Sports,premium
85,2024-12-06,422.6,Books,premium
85,2024-12-06,397.25,Sports,premium
85,2024-12-07,241.77,Fashion,premium
85,2024-12-08,338.63,Home,premium
85,2024-12-08,178.06,Fashion,premium
85,2024-12-14,295.9,Sports,premium
86,2024-10-22,363.44,Sports,premium
86,2024-10-24,388.99,Books,premium
86,2024-10-31,339.38,Electronics,premium
86,2024-10-31,238.32,Travel,premium
86,2024-11-02,346.24,Fashion,premium
86,2024-11-09,365.69,Travel,premium
86,2024-11-13,278.83,Travel,premium
86,2024-11-18,135.88,Fashion,premium
86,2024-11-20,418.55,Books,premium
86,2024-11-22,110.64,Fashion,premium
86,2024-11-22,253.94,Books,premium
86,2024-11-23,339.24,Books,premium
86,2024-11-23,355.2,Electronics,premium
86,2024-11-24,248.84,Electronics,premium
86,2024-11-25,335.93,Electronics,premium
86,2024-11-26,252.61,Fashion,premium
86,2024-11-26,227.72,Travel,premium
86,2024-11-28,347.42,Sports,premium
86,2024-11-28,248.55,Electronics,premium
86,2024-12-01,210.3,Books,premium
86,2024-12-02,328.76,Sports,premium
86,2024-12-03,155.57,Fashion,premium
86,2024-12-03,283.3,Travel,premium
86,2024-12-06,362.97,Sports,premium
86,2024-12-06,190.92,Fashion,premium
87,2024-10-05,410.46,Fashion,premium
87,2024-11-13,300.95,Fashion,premium
87,2024-11-25,467.13,Fashion,premium
87,2024-11-25,253.27,Electronics,premium
87,2024-12-04,380.54,Beauty,premium
87,2024-12-06,277.73,Beauty,premium
87,2024-12-10,153.41,Beauty,premium
87,2024-12-12,345.35,Beauty,premium
87,2024-12-13,259.39,Electronics,premium
87,2024-12-13,274.43,Beauty,premium
87,2024-12-14,288.16,Electronics,premium
87,2024-12-15,315.06,Fashion,premium
87,2024-12-15,287.23,Books,premium
87,2024-12-16,258.83,Books,premium
87,2024-12-17,143.34,Fashion,premium
87,2024-12-17,316.92,Electronics,premium
87,2024-12-17,387.87,Beauty,premium
87,2024-12-17,336.96,Fashion,premium
87,2024-12-19,339.53,Home,premium
87,2024-12-20,390.92,Electronics,premium
87,2024-12-20,287.1,Home,premium
87,2024-12-21,298.52,Beauty,premium
87,2024-12-21,354.09,Home,premium
87,2024-12-23,352.29,Home,premium
87,2024-12-24,352.64,Home,premium
87,2024-12-24,289.88,Electronics,premium
87,2024-12-25,270.06,Fashion,premium
87,2024-12-25,263.09,Home,premium
87,2024-12-26,290.81,Books,premium
87,2024-12-26,257.9,Electronics,premium
87,2024-12-27,284.58,Home,premium
87,2024-12-27,316.52,Books,premium
87,2024-12-27,312.6,Beauty,premium
88,2024-09-03,333.34,Sports,premium
88,2024-09-26,264.49,Books,premium
88,2024-10-03,331.66,Electronics,premium
88,2024-10-08,300.3,Beauty,premium
88,2024-10-11,206.56,Sports,premium
88,2024-10-12,418.49,Groceries,premium
88,2024-10-13,261.76,Sports,premium
88,2024-10-14,395.11,Sports,premium
88,2024-10-15,314.85,Electronics,premium
88,2024-10-16,329.61,Electronics,premium
88,2024-10-16,304.22,Books,premium
88,2024-10-18,296.21,Groceries,premium
88,2024-10-19,143.27,Sports,premium
88,2024-10-21,378.38,Books,premium
88,2024-10-22,197.93,Sports,premium
88,2024-10-23,284.99,Electronics,premium
88,2024-10-23,337.95,Sports,premium
88,2024-10-23,284.89,Sports,premium
88,2024-10-24,218.06,Books,premium
88,2024-10-25,344.87,Beauty,premium
88,2024-10-26,212.45,Groceries,premium
88,2024-10-27,331.39,Beauty,premium
88,2024-10-28,229.35,Groceries,premium
88,2024-10-28,202.02,Sports,premium
89,2024-11-25,413.36,Beauty,premium
89,2024-11-26,381.23,Groceries,premium
89,2024-11-26,241.71,Sports,premium
89,2024-11-26,375.29,Beauty,premium
89,2024-11-29,214.51,Electronics,premium
89,2024-11-29,250.98,Sports,premium
89,2024-12-04,210.5,Groceries,premium
89,2024-12-06,435.17,Groceries,premium
89,2024-12-09,382.99,Beauty,premium
89,2024-12-10,308.14,Books,premium
89,2024-12-10,321.9,Books,premium
89,2024-12-12,507.27,Beauty,premium
89,2024-12-13,410.7,Sports,premium
89,2024-12-14,196.95,Beauty,premium
89,2024-12-14,331.65,Books,premium
89,2024-12-15,250.68,Beauty,premium
89,2024-12-16,384.86,Beauty,premium
89,2024-12-16,345.82,Groceries,premium
89,2024-12-16,377.95,Beauty,premium
89,2024-12-18,158.51,Sports,premium
89,2024-12-18,206.96,Books,premium
89,2024-12-18,249.2,Electronics,premium
89,2024-12-18,130.56,Electronics,premium
89,2024-12-19,286.37,Sports,premium
89,2024-12-19,340.71,Sports,premium
89,2024-12-19,341.16,Sports,premium
89,2024-12-20,201.56,Beauty,premium
89,2024-12-21,259.42,Books,premium
89,2024-12-21,366.57,Groceries,premium
89,2024-12-21,354.6,Books,premium
89,2024-12-21,297.61,Groceries,premium
90,2024-08-09,279.31,Fashion,premium
90,2024-10-24,300.49,Fashion,premium
90,2024-11-10,375.46,Home,premium
90,2024-11-11,199.56,Fashion,premium
90,2024-11-14,201.9,Electronics,premium
90,2024-11-20,239.0,Home,premium
90,2024-11-22,215.88,Groceries,premium
90,2024-11-23,314.81,Groceries,premium
90,2024-11-23,255.56,Electronics,premium
90,2024-11-24,195.69,Electronics,premium
90,2024-11-25,314.23,Fashion,premium
90,2024-11-27,359.98,Home,premium
90,2024-11-28,208.15,Fashion,premium
90,2024-11-30,258.02,Home,premium
90,2024-12-02,103.9,Fashion,premium
90,2024-12-05,370.92,Groceries,premium
90,2024-12-05,207.0,Fashion,premium
90,2024-12-05,293.41,Home,premium
90,2024-12-11,372.98,Groceries,premium
90,2024-12-11,213.67,Home,premium
90,2024-12-11,151.62,Home,premium
90,2024-12-11,135.44,Fashion,premium
90,2024-12-12,258.01,Fashion,premium
90,2024-12-13,229.72,Home,premium
91,2024-10-24,207.3,Electronics,premium
91,2024-10-30,414.76,Beauty,premium
91,2024-11-10,154.06,Electronics,premium
91,2024-11-22,199.95,Beauty,premium
91,2024-11-27,248.0,Travel,premium
91,2024-11-28,197.59,Travel,premium
91,2024-11-30,173.54,Beauty,premium
91,2024-12-02,105.76,Sports,premium
91,2024-12-04,288.23,Books,premium
91,2024-12-12,291.95,Beauty,premium
91,2024-12-14,167.12,Travel,premium
91,2024-12-14,344.25,Electronics,premium
91,2024-12-15,315.96,Electronics,premium
91,2024-12-18,253.59,Electronics,premium
91,2024-12-18,128.58,Beauty,premium
91,2024-12-20,304.92,Books,premium
91,2024-12-20,304.45,Sports,premium
91,2024-12-21,179.7,Beauty,premium
91,2024-12-21,211.88,Beauty,premium
91,2024-12-22,280.5,Electronics,premium
91,2024-12-24,263.58,Electronics,premium
91,2024-12-24,369.48,Electronics,premium
92,2024-11-08,248.3,Books,premium
92,2024-11-22,265.92,Books,premium
92,2024-11-25,295.72,Books,premium
92,2024-11-26,290.82,Beauty,premium
92,2024-11-27,362.69,Beauty,premium
92,2024-12-01,162.08,Books,premium
92,2024-12-05,216.36,Books,premium
92,2024-12-05,310.71,Sports,premium
92,2024-12-13,352.12,Books,premium
92,2024-12-17,230.6,Books,premium
92,2024-12-17,274.05,Beauty,premium
92,2024-12-17,389.94,Beauty,premium
92,2024-12-18,229.87,Travel,premium
92,2024-12-19,356.16,Books,premium
92,2024-12-19,467.93,Books,premium
92,2024-12-19,264.46,Books,premium
92,2024-12-19,248.29,Travel,premium
92,2024-12-21,316.29,Sports,premium
92,2024-12-21,219.26,Books,premium
92,2024-12-22,226.6,Sports,premium
92,2024-12-22,340.36,Books,premium
92,2024-12-22,274.37,Books,premium
92,2024-12-22,208.13,Books,premium
92,2024-12-23,192.27,Beauty,premium
92,2024-12-23,423.52,Sports,premium
92,2024-12-23,293.44,Travel,premium
92,2024-12-25,92.21,Beauty,premium
92,2024-12-25,262.61,Sports,premium
92,2024-12-25,362.48,Travel,premium
93,2024-10-02,322.66,Home,premium
93,2024-10-06,425.48,Groceries,premium
93,2024-10-08,248.63,Groceries,premium
93,2024-10-24,337.92,Groceries,premium
93,2024-10-25,185.36,Home,premium
93,2024-11-01,395.68,Travel,premium
93,2024-11-13,200.07,Home,premium
93,2024-11-15,360.01,Groceries,premium
93,2024-11-18,243.34,Travel,premium
93,2024-11-19,188.37,Home,premium
93,2024-11-23,344.14,Beauty,premium
93,2024-11-25,309.14,Groceries,premium
93,2024-11-25,188.95,Groceries,premium
93,2024-11-26,261.1,Travel,premium
93,2024-11-27,307.4,Home,premium
93,2024-11-29,344.47,Home,premium
93,2024-11-30,245.81,Travel,premium
93,2024-11-30,221.8,Travel,premium
94,2024-09-05,270.85,Sports,premium
94,2024-10-26,359.05,Books,premium
94,2024-10-29,203.09,Beauty,premium
94,2024-11-06,94.83,Sports,premium
94,2024-11-07,239.81,Books,premium
94,2024-11-10,142.94,Travel,premium
94,2024-11-13,121.05,Travel,premium
94,2024-11-14,231.05,Sports,premium
94,2024-11-20,291.3,Beauty,premium
94,2024-11-25,273.14,Books,premium
94,2024-11-28,266.03,Travel,premium
94,2024-11-29,282.02,Travel,premium
94,2024-11-29,200.38,Sports,premium
94,2024-11-29,94.23,Travel,premium
94,2024-11-30,286.77,Beauty,premium
94,2024-12-04,244.91,Beauty,premium
94,2024-12-04,279.41,Travel,premium
94,2024-12-04,296.15,Travel,premium
94,2024-12-07,233.64,Sports,premium
94,2024-12-07,275.16,Beauty,premium
94,2024-12-08,352.87,Beauty,premium
94,2024-12-09,241.26,Sports,premium
95,2024-10-28,341.49,Home,premium
95,2024-11-06,348.9,Sports,premium
95,2024-11-06,339.35,Home,premium
95,2024-11-10,483.48,Travel,premium
95,2024-11-18,199.5,Home,premium
95,2024-11-22,356.27,Travel,premium
95,2024-11-25,346.1,Travel,premium
95,2024-11-26,446.78,Sports,premium
95,2024-11-30,199.37,Home,premium
95,2024-12-01,216.21,Travel,premium
95,2024-12-02,204.22,Sports,premium
95,2024-12-03,285.99,Sports,premium
95,2024-12-03,385.49,Travel,premium
95,2024-12-04,340.84,Travel,premium
95,2024-12-05,140.56,Travel,premium
95,2024-12-07,421.81,Sports,premium
95,2024-12-08,182.26,Sports,premium
95,2024-12-08,265.91,Sports,premium
95,2024-12-10,286.64,Travel,premium
95,2024-12-11,214.69,Home,premium
95,2024-12-11,354.69,Home,premium
95,2024-12-12,238.91,Home,premium
95,2024-12-12,364.96,Sports,premium
96,2024-10-23,165.1,Electronics,premium
96,2024-10-28,260.42,Groceries,premium
96,2024-10-30,319.33,Travel,premium
96,2024-11-16,403.18,Books,premium
96,2024-11-19,250.95,Electronics,premium
96,2024-11-20,311.43,Travel,premium
96,2024-11-21,319.54,Travel,premium
96,2024-12-01,282.13,Travel,premium
96,2024-12-01,258.64,Electronics,premium
96,2024-12-03,402.59,Electronics,premium
96,2024-12-04,95.58,Electronics,premium
96,2024-12-05,329.67,Electronics,premium
96,2024-12-05,246.07,Books,premium
96,2024-12-06,128.69,Travel,premium
96,2024-12-09,347.03,Books,premium
96,2024-12-10,328.48,Books,premium
96,2024-12-14,253.07,Books,premium
96,2024-12-15,314.83,Electronics,premium
96,2024-12-16,216.5,Electronics,premium
97,2024-10-30,245.94,Fashion,premium
97,2024-11-08,384.27,Fashion,premium
97,2024-11-10,288.83,Fashion,premium
97,2024-11-12,122.11,Fashion,premium
97,2024-11-14,334.45,Fashion,premium
97,2024-11-17,180.42,Electronics,premium
97,2024-11-20,277.88,Home,premium
97,2024-11-21,276.38,Groceries,premium
97,2024-11-23,181.35,Electronics,premium
97,2024-11-24,207.78,Travel,premium
97,2024-11-25,307.13,Travel,premium
97,2024-11-26,398.95,Travel,premium
97,2024-11-27,191.5,Travel,premium
97,2024-11-28,349.59,Electronics,premium
97,2024-11-29,200.84,Travel,premium
97,2024-11-29,192.42,Electronics,premium
97,2024-11-30,255.47,Fashion,premium
97,2024-12-01,201.49,Groceries,premium
97,2024-12-01,167.61,Electronics,premium
97,2024-12-01,330.11,Travel,premium
97,2024-12-02,273.61,Fashion,premium
97,2024-12-02,160.69,Home,premium
97,2024-12-02,412.01,Home,premium
97,2024-12-03,345.07,Home,premium
97,2024-12-03,377.79,Travel,premium
97,2024-12-04,167.14,Fashion,premium
97,2024-12-04,309.13,Home,premium
97,2024-12-05,282.34,Groceries,premium
97,2024-12-05,335.84,Electronics,premium
97,2024-12-05,282.35,Fashion,premium
97,2024-12-05,187.34,Groceries,premium
97,2024-12-05,402.36,Home,premium
97,2024-12-05,363.35,Home,premium
98,2024-10-31,213.62,Sports,premium
98,2024-11-11,426.74,Groceries,premium
98,2024-11-12,327.87,Groceries,premium
98,2024-11-13,232.25,Travel,premium
98,2024-11-13,146.04,Groceries,premium
98,2024-11-13,138.84,Groceries,premium
98,2024-11-15,303.28,Travel,premium
98,2024-11-20,191.75,Sports,premium
98,2024-11-21,345.64,Books,premium
98,2024-11-23,333.81,Sports,premium
98,2024-11-24,421.66,Sports,premium
98,2024-11-25,181.79,Travel,premium
98,2024-11-27,232.7,Groceries,premium
98,2024-11-27,163.47,Groceries,premium
98,2024-11-27,429.27,Books,premium
98,2024-11-27,337.68,Books,premium
98,2024-11-28,236.39,Travel,premium
98,2024-11-28,130.5,Books,premium
98,2024-11-29,313.24,Books,premium
98,2024-11-30,299.45,Travel,premium
98,2024-11-30,242.38,Groceries,premium
98,2024-12-01,207.46,Books,premium
99,2024-10-14,261.78,Travel,premium
99,2024-12-03,337.24,Groceries,premium
99,2024-12-06,287.44,Beauty,premium
99,2024-12-15,288.2,Travel,premium
99,2024-12-16,201.31,Travel,premium
99,2024-12-17,179.81,Travel,premium
99,2024-12-17,447.33,Sports,premium
99,2024-12-17,277.17,Travel,premium
99,2024-12-18,267.84,Sports,premium
99,2024-12-18,364.81,Fashion,premium
99,2024-12-19,265.3,Groceries,premium
99,2024-12-20,192.16,Groceries,premium
99,2024-12-21,217.21,Groceries,premium
99,2024-12-22,421.82,Beauty,premium
99,2024-12-22,314.33,Fashion,premium
99,2024-12-23,343.68,Sports,premium
99,2024-12-23,318.11,Travel,premium
99,2024-12-24,174.31,Groceries,premium
99,2024-12-25,293.72,Groceries,premium
99,2024-12-25,74.5,Travel,premium
99,2024-12-25,350.29,Sports,premium
99,2024-12-25,226.21,Sports,premium
99,2024-12-25,189.72,Sports,premium
99,2024-12-26,346.49,Travel,premium
99,2024-12-26,300.3,Fashion,premium
99,2024-12-26,208.22,Sports,premium
99,2024-12-26,339.7,Beauty,premium
99,2024-12-26,225.75,Fashion,premium
99,2024-12-27,288.23,Beauty,premium
99,2024-12-27,94.88,Sports,premium
99,2024-12-27,378.16,Travel,premium
99,2024-12-28,153.55,Sports,premium
99,2024-12-28,447.04,Groceries,premium
100,2024-10-19,271.3,Sports,premium
100,2024-11-10,249.74,Sports,premium
100,2024-11-15,315.76,Sports,premium
100,2024-11-18,228.91,Sports,premium
100,2024-11-24,303.44,Travel,premium
100,2024-11-26,183.87,Fashion,premium
100,2024-11-28,299.19,Sports,premium
100,2024-11-30,318.9,Fashion,premium
100,2024-12-01,287.54,Travel,premium
100,2024-12-02,197.09,Travel,premium
100,2024-12-03,407.23,Fashion,premium
100,2024-12-03,234.47,Travel,premium
100,2024-12-05,319.89,Books,premium
100,2024-12-06,340.3,Travel,premium
100,2024-12-08,200.14,Travel,premium
100,2024-12-08,321.5,Fashion,premium
100,2024-12-08,257.21,Travel,premium
100,2024-12-09,331.21,Fashion,premium
100,2024-12-10,317.44,Books,premium
100,2024-12-11,186.38,Travel,premium
100,2024-12-11,226.85,Fashion,premium
100,2024-12-14,197.83,Sports,premium
100,2024-12-15,262.87,Fashion,premium
100,2024-12-15,346.97,Sports,premium
100,2024-12-15,127.39,Travel,premium
100,2024-12-16,236.13,Travel,premium
100,2024-12-17,275.3,Sports,premium
100,2024-12-17,315.72,Sports,premium
101,2024-10-02,262.05,Beauty,premium
101,2024-10-27,165.85,Beauty,premium
101,2024-11-03,285.55,Home,premium
101,2024-11-05,222.84,Fashion,premium
101,2024-11-06,292.27,Sports,premium
101,2024-11-13,345.62,Home,premium
101,2024-11-22,345.38,Fashion,premium
101,2024-12-05,257.69,Sports,premium
101,2024-12-06,444.25,Fashion,premium
101,2024-12-07,195.87,Beauty,premium
101,2024-12-14,187.81,Sports,premium
101,2024-12-19,390.17,Fashion,premium
101,2024-12-21,361.6,Fashion,premium
101,2024-12-22,307.3,Sports,premium
101,2024-12-23,400.02,Travel,premium
101,2024-12-24,491.36,Beauty,premium
102,2024-11-01,216.54,Fashion,premium
102,2024-11-03,314.63,Fashion,premium
102,2024-11-06,269.98,Sports,premium
102,2024-11-10,231.81,Beauty,premium
102,2024-11-13,339.69,Beauty,premium
102,2024-11-14,289.34,Groceries,premium
102,2024-11-15,336.27,Home,premium
102,2024-11-15,270.21,Books,premium
102,2024-11-18,188.53,Sports,premium
102,2024-11-20,287.0,Electronics,premium
102,2024-11-20,346.96,Fashion,premium
102,2024-11-20,251.68,Fashion,premium
102,2024-11-20,421.58,Beauty,premium
102,2024-11-23,290.26,Books,premium
102,2024-11-23,320.8,Home,premium
102,2024-11-24,221.89,Electronics,premium
102,2024-11-26,186.14,Books,premium
102,2024-11-26,308.39,Fashion,premium
102,2024-11-27,363.28,Sports,premium
102,2024-11-27,178.78,Books,premium
102,2024-11-29,219.05,Books,premium
102,2024-11-30,310.84,Beauty,premium
102,2024-11-30,345.79,Beauty,premium
102,2024-11-30,213.04,Sports,premium
102,2024-12-01,316.98,Fashion,premium
102,2024-12-01,181.39,Groceries,premium
102,2024-12-01,281.69,Beauty,premium
103,2024-11-04,222.61,Home,premium
103,2024-11-06,252.43,Electronics,premium
103,2024-11-08,337.97,Fashion,premium
103,2024-11-13,315.88,Electronics,premium
103,2024-11-15,161.41,Home,premium
103,2024-11-22,249.93,Electronics,premium
103,2024-11-26,291.47,Fashion,premium
103,2024-11-30,349.72,Groceries,premium
103,2024-12-02,174.83,Groceries,premium
103,2024-12-03,138.19,Groceries,premium
103,2024-12-04,370.88,Electronics,premium
103,2024-12-05,267.68,Electronics,premium
103,2024-12-06,336.9,Home,premium
103,2024-12-07,126.21,Fashion,premium
103,2024-12-09,249.48,Fashion,premium
103,2024-12-09,174.36,Groceries,premium
103,2024-12-09,459.07,Groceries,premium
103,2024-12-09,204.88,Fashion,premium
103,2024-12-11,357.13,Groceries,premium
103,2024-12-11,255.56,Electronics,premium
103,2024-12-12,221.83,Groceries,premium
103,2024-12-14,271.87,Fashion,premium
103,2024-12-14,313.34,Electronics,premium
103,2024-12-14,373.37,Groceries,premium
103,2024-12-14,196.83,Fashion,premium
103,2024-12-14,278.69,Home,premium
104,2024-11-15,241.88,Fashion,premium
104,2024-11-25,494.65,Travel,premium
104,2024-12-02,225.15,Travel,premium
104,2024-12-03,251.86,Travel,premium
104,2024-12-07,265.11,Beauty,premium
104,2024-12-08,356.83,Beauty,premium
104,2024-12-17,276.71,Travel,premium
104,2024-12-17,161.27,Fashion,premium
104,2024-12-17,138.34,Beauty,premium
104,2024-12-20,366.95,Fashion,premium
104,2024-12-20,225.84,Travel,premium
104,2024-12-20,231.4,Travel,premium
104,2024-12-22,277.72,Travel,premium
104,2024-12-23,326.39,Fashion,premium
104,2024-12-24,363.81,Fashion,premium
104,2024-12-24,426.43,Travel,premium
104,2024-12-24,224.77,Travel,premium
104,2024-12-25,219.52,Fashion,premium
104,2024-12-27,308.84,Travel,premium
104,2024-12-27,421.36,Fashion,premium
104,2024-12-27,194.86,Beauty,premium
104,2024-12-27,332.72,Fashion,premium
104,2024-12-28,244.29,Travel,premium
104,2024-12-28,231.61,Beauty,premium
104,2024-12-29,319.82,Travel,premium
104,2024-12-29,274.99,Fashion,premium
104,2024-12-29,237.77,Fashion,premium
104,2024-12-29,436.68,Travel,premium
104,2024-12-29,347.05,Travel,premium
104,2024-12-29,330.18,Beauty,premium
105,2024-10-20,316.12,Electronics,premium
105,2024-11-08,359.02,Beauty,premium
105,2024-11-10,205.67,Beauty,premium
105,2024-11-11,189.28,Electronics,premium
105,2024-11-13,210.36,Travel,premium
105,2024-11-19,225.61,Books,premium
105,2024-11-20,356.71,Beauty,premium
105,2024-11-20,370.21,Beauty,premium
105,2024-11-21,290.08,Travel,premium
105,2024-11-22,342.24,Travel,premium
105,2024-11-23,215.16,Travel,premium
105,2024-11-24,348.56,Books,premium
105,2024-11-26,445.9,Books,premium
105,2024-11-27,217.1,Travel,premium
105,2024-11-30,368.11,Electronics,premium
105,2024-12-01,337.31,Electronics,premium
105,2024-12-01,214.58,Beauty,premium
105,2024-12-01,456.33,Electronics,premium
105,2024-12-02,378.67,Travel,premium
105,2024-12-04,279.38,Electronics,premium
105,2024-12-05,165.91,Electronics,premium
105,2024-12-05,242.17,Electronics,premium
105,2024-12-06,238.65,Travel,premium
105,2024-12-06,329.52,Books,premium
105,2024-12-06,236.99,Electronics,premium
105,2024-12-06,369.84,Books,premium
105,2024-12-07,244.54,Books,premium
105,2024-12-08,256.91,Beauty,premium
105,2024-12-08,257.61,Books,premium
105,2024-12-08,240.72,Electronics,premium
106,2024-11-03,270.91,Books,premium
106,2024-11-05,311.68,Books,premium
106,2024-11-09,225.57,Home,premium
106,2024-11-23,182.36,Books,premium
106,2024-11-30,204.23,Books,premium
106,2024-12-06,299.76,Books,premium
106,2024-12-07,418.51,Home,premium
106,2024-12-09,268.78,Beauty,premium
106,2024-12-12,316.57,Home,premium
106,2024-12-12,319.57,Beauty,premium
106,2024-12-15,304.05,Beauty,premium
106,2024-12-15,82.7,Books,premium
106,2024-12-15,351.38,Books,premium
106,2024-12-17,220.54,Home,premium
106,2024-12-18,218.26,Beauty,premium
106,2024-12-18,307.18,Books,premium
106,2024-12-20,159.88,Groceries,premium
106,2024-12-20,327.2,Books,premium
106,2024-12-22,259.47,Home,premium
106,2024-12-22,240.81,Beauty,premium
106,2024-12-22,305.17,Groceries,premium
106,2024-12-22,327.89,Home,premium
106,2024-12-24,335.97,Beauty,premium
106,2024-12-24,273.65,Beauty,premium
107,2024-10-13,357.28,Beauty,premium
107,2024-10-16,388.59,Groceries,premium
107,2024-10-24,261.35,Beauty,premium
107,2024-11-02,323.85,Electronics,premium
107,2024-11-09,384.21,Electronics,premium
107,2024-11-12,291.01,Electronics,premium
107,2024-11-14,325.79,Books,premium
107,2024-11-15,211.15,Electronics,premium
107,2024-11-16,338.77,Electronics,premium
107,2024-11-17,425.11,Home,premium
107,2024-11-19,424.01,Beauty,premium
107,2024-11-19,274.43,Electronics,premium
107,2024-11-22,402.64,Home,premium
107,2024-11-23,377.02,Electronics,premium
107,2024-11-23,356.53,Beauty,premium
107,2024-11-25,168.3,Beauty,premium
107,2024-11-25,244.82,Groceries,premium
107,2024-11-25,232.37,Groceries,premium
107,2024-11-25,99.78,Books,premium
107,2024-11-26,306.88,Beauty,premium
107,2024-11-26,223.46,Home,premium
107,2024-11-27,309.06,Beauty,premium
107,2024-11-28,379.66,Groceries,premium
107,2024-11-28,222.29,Groceries,premium
107,2024-11-28,331.11,Electronics,premium
107,2024-11-29,424.14,Electronics,premium
107,2024-11-29,392.73,Beauty,premium
108,2024-11-09,356.64,Travel,premium
108,2024-11-13,333.08,Fashion,premium
108,2024-11-21,317.8,Fashion,premium
108,2024-11-26,217.52,Travel,premium
108,2024-12-03,274.68,Fashion,premium
108,2024-12-03,251.35,Electronics,premium
108,2024-12-04,191.62,Groceries,premium
108,2024-12-05,332.74,Electronics,premium
108,2024-12-05,365.23,Travel,premium
108,2024-12-06,259.36,Groceries,premium
108,2024-12-06,283.95,Travel,premium
108,2024-12-08,296.69,Groceries,premium
108,2024-12-11,182.14,Travel,premium
108,2024-12-11,393.97,Groceries,premium
108,2024-12-12,196.92,Fashion,premium
108,2024-12-12,383.39,Electronics,premium
108,2024-12-15,291.63,Groceries,premium
108,2024-12-15,223.7,Travel,premium
108,2024-12-16,285.47,Electronics,premium
108,2024-12-17,416.03,Groceries,premium
108,2024-12-17,252.15,Groceries,premium
109,2024-10-07,155.69,Fashion,premium
109,2024-11-02,405.32,Sports,premium
109,2024-11-04,329.31,Fashion,premium
109,2024-11-07,314.01,Electronics,premium
109,2024-11-08,311.79,Sports,premium
109,2024-11-12,220.2,Home,premium
109,2024-11-13,271.35,Home,premium
109,2024-11-15,368.97,Home,premium
109,2024-11-16,393.47,Electronics,premium
109,2024-11-20,252.93,Fashion,premium
109,2024-11-20,364.69,Books,premium
109,2024-11-21,150.83,Fashion,premium
109,2024-11-23,329.45,Books,premium
109,2024-11-25,310.74,Electronics,premium
109,2024-11-27,321.63,Electronics,premium
109,2024-11-28,274.26,Sports,premium
109,2024-11-28,408.23,Fashion,premium
109,2024-11-28,274.97,Fashion,premium
109,2024-11-28,274.11,Fashion,premium
109,2024-11-30,358.18,Sports,premium
109,2024-11-30,396.63,Electronics,premium
109,2024-12-01,352.17,Sports,premium
109,2024-12-01,321.38,Fashion,premium
110,2024-11-15,284.88,Beauty,premium
110,2024-11-21,150.2,Home,premium
110,2024-11-21,309.23,Home,premium
110,2024-11-27,276.87,Home,premium
110,2024-12-05,192.78,Travel,premium
110,2024-12-06,268.62,Home,premium
110,2024-12-10,309.88,Travel,premium
110,2024-12-14,396.43,Books,premium
110,2024-12-14,298.63,Beauty,premium
110,2024-12-16,189.19,Travel,premium
110,2024-12-18,248.53,Home,premium
110,2024-12-18,219.01,Home,premium
110,2024-12-18,257.92,Home,premium
110,2024-12-18,252.87,Books,premium
110,2024-12-18,248.23,Home,premium
110,2024-12-19,276.68,Travel,premium
110,2024-12-20,153.63,Books,premium
110,2024-12-20,232.7,Books,premium
110,2024-12-21,201.74,Books,premium
110,2024-12-21,423.88,Travel,premium
110,2024-12-21,329.83,Travel,premium
110,2024-12-22,424.83,Travel,premium
110,2024-12-24,300.58,Home,premium
110,2024-12-25,252.44,Home,premium
110,2024-12-25,307.74,Home,premium
110,2024-12-26,225.19,Books,premium
110,2024-12-26,178.46,Books,premium
110,2024-12-26,402.89,Travel,premium
110,2024-12-27,298.5,Home,premium
110,2024-12-27,273.19,Travel,premium
110,2024-12-28,346.65,Home,premium
111,2024-11-02,281.29,Travel,premium
111,2024-11-09,291.46,Travel,premium
111,2024-11-10,292.56,Beauty,premium
111,2024-11-12,365.67,Home,premium
111,2024-11-22,361.27,Travel,premium
111,2024-11-29,334.05,Home,premium
111,2024-12-03,303.24,Travel,premium
111,2024-12-06,273.06,Home,premium
111,2024-12-07,269.98,Beauty,premium
111,2024-12-10,360.34,Home,premium
111,2024-12-10,258.37,Home,premium
111,2024-12-16,191.63,Beauty,premium
111,2024-12-18,216.14,Home,premium
111,2024-12-24,174.77,Books,premium
111,2024-12-25,396.5,Home,premium
111,2024-12-26,275.69,Beauty,premium
111,2024-12-27,433.68,Books,premium
111,2024-12-28,270.34,Fashion,premium
111,2024-12-28,406.6,Travel,premium
111,2024-12-29,167.51,Home,premium
112,2024-07-28,322.41,Groceries,premium
112,2024-09-02,392.46,Travel,premium
112,2024-09-08,318.74,Travel,premium
112,2024-10-09,344.94,Sports,premium
112,2024-10-11,306.55,Sports,premium
112,2024-10-15,345.96,Travel,premium
112,2024-10-17,286.62,Travel,premium
112,2024-11-04,143.15,Travel,premium
112,2024-11-05,248.55,Groceries,premium
112,2024-11-15,242.32,Groceries,premium
112,2024-11-16,239.33,Sports,premium
112,2024-11-21,375.02,Travel,premium
112,2024-11-22,177.9,Groceries,premium
112,2024-11-23,241.51,Sports,premium
112,2024-11-24,209.86,Travel,premium
113,2024-09-03,264.36,Groceries,premium
113,2024-10-17,285.74,Beauty,premium
113,2024-10-23,409.53,Beauty,premium
113,2024-10-25,376.15,Groceries,premium
113,2024-11-05,280.7,Groceries,premium
113,2024-11-07,158.07,Groceries,premium
113,2024-11-08,337.14,Sports,premium
113,2024-11-10,358.11,Sports,premium
113,2024-11-11,189.43,Beauty,premium
113,2024-11-15,272.92,Home,premium
113,2024-11-15,243.69,Home,premium
113,2024-11-16,331.27,Home,premium
113,2024-11-18,286.39,Home,premium
113,2024-11-19,373.45,Beauty,premium
113,2024-11-19,309.78,Beauty,premium
113,2024-11-19,448.53,Travel,premium
113,2024-11-21,426.9,Sports,premium
113,2024-11-24,316.74,Travel,premium
113,2024-11-24,263.32,Groceries,premium
113,2024-11-26,419.14,Groceries,premium
113,2024-11-27,195.09,Home,premium
114,2024-11-13,161.51,Home,premium
114,2024-12-03,424.76,Beauty,premium
114,2024-12-03,198.7,Books,premium
114,2024-12-10,244.64,Sports,premium
114,2024-12-10,281.77,Home,premium
114,2024-12-15,190.31,Sports,premium
114,2024-12-17,93.28,Books,premium
114,2024-12-17,380.37,Sports,premium
114,2024-12-17,325.0,Home,premium
114,2024-12-19,415.47,Groceries,premium
114,2024-12-19,282.45,Beauty,premium
114,2024-12-23,230.55,Books,premium
114,2024-12-23,351.88,Beauty,premium
114,2024-12-25,333.55,Sports,premium
114,2024-12-26,317.51,Home,premium
114,2024-12-26,336.22,Sports,premium
114,2024-12-26,308.08,Home,premium
114,2024-12-27,367.58,Home,premium
114,2024-12-27,215.52,Sports,premium
114,2024-12-27,400.65,Books,premium
114,2024-12-29,369.83,Home,premium
114,2024-12-29,188.54,Books,premium
114,2024-12-29,260.15,Home,premium
115,2024-11-13,240.07,Books,premium
115,2024-11-26,258.67,Books,premium
115,2024-11-29,201.61,Sports,premium
115,2024-12-01,211.23,Beauty,premium
115,2024-12-02,208.75,Beauty,premium
115,2024-12-02,327.4,Books,premium
115,2024-12-03,270.62,Travel,premium
115,2024-12-03,225.08,Beauty,premium
115,2024-12-03,373.07,Beauty,premium
115,2024-12-05,245.55,Books,premium
115,2024-12-08,344.51,Books,premium
115,2024-12-09,192.93,Books,premium
115,2024-12-13,484.84,Beauty,premium
115,2024-12-15,247.25,Travel,premium
115,2024-12-15,298.45,Beauty,premium
115,2024-12-16,314.59,Travel,premium
115,2024-12-18,222.63,Travel,premium
115,2024-12-18,197.3,Sports,premium
115,2024-12-18,258.03,Beauty,premium
115,2024-12-19,274.62,Sports,premium
115,2024-12-19,194.03,Travel,premium
115,2024-12-19,269.22,Beauty,premium
115,2024-12-21,144.32,Beauty,premium
115,2024-12-21,350.32,Beauty,premium
115,2024-12-22,318.45,Beauty,premium
116,2024-10-12,259.05,Sports,premium
116,2024-11-08,369.33,Fashion,premium
116,2024-11-12,298.57,Sports,premium
116,2024-11-13,298.4,Fashion,premium
116,2024-11-13,289.88,Fashion,premium
116,2024-11-18,233.72,Sports,premium
116,2024-11-20,273.8,Sports,premium
116,2024-11-21,241.62,Sports,premium
116,2024-11-22,277.58,Electronics,premium
116,2024-11-24,194.72,Beauty,premium
116,2024-11-26,275.88,Sports,premium
116,2024-11-28,289.46,Sports,premium
116,2024-11-30,224.52,Fashion,premium
116,2024-11-30,387.93,Electronics,premium
116,2024-12-02,281.95,Fashion,premium
116,2024-12-02,222.57,Beauty,premium
116,2024-12-03,416.74,Electronics,premium
116,2024-12-03,174.76,Beauty,premium
116,2024-12-04,384.76,Beauty,premium
116,2024-12-06,311.31,Sports,premium
116,2024-12-07,213.19,Beauty,premium
116,2024-12-08,257.85,Beauty,premium
117,2024-10-03,327.42,Books,premium
117,2024-10-23,393.51,Sports,premium
117,2024-11-01,349.64,Home,premium
117,2024-11-13,446.83,Home,premium
117,2024-11-16,349.83,Home,premium
117,2024-11-18,338.57,Groceries,premium
117,2024-11-23,383.24,Groceries,premium
117,2024-11-24,284.42,Sports,premium
117,2024-11-25,358.42,Books,premium
117,2024-12-01,485.25,Sports,premium
117,2024-12-04,282.59,Books,premium
117,2024-12-09,454.09,Groceries,premium
117,2024-12-10,247.42,Books,premium
117,2024-12-10,359.08,Travel,premium
117,2024-12-11,409.26,Home,premium
117,2024-12-15,234.97,Travel,premium
117,2024-12-15,154.29,Travel,premium
117,2024-12-16,205.41,Travel,premium
117,2024-12-17,252.59,Sports,premium
118,2024-10-06,433.67,Groceries,premium
118,2024-10-26,322.62,Fashion,premium
118,2024-11-03,408.45,Sports,premium
118,2024-11-05,113.54,Sports,premium
118,2024-11-06,350.02,Sports,premium
118,2024-11-06,387.36,Fashion,premium
118,2024-11-07,338.55,Travel,premium
118,2024-11-14,380.36,Electronics,premium
118,2024-11-15,155.16,Electronics,premium
118,2024-11-19,390.46,Sports,premium
118,2024-11-20,290.54,Electronics,premium
118,2024-11-24,437.61,Groceries,premium
118,2024-11-25,390.77,Sports,premium
118,2024-11-26,367.67,Sports,premium
118,2024-11-30,291.05,Fashion,premium
118,2024-11-30,129.11,Fashion,premium
118,2024-12-01,421.55,Groceries,premium
118,2024-12-01,295.96,Travel,premium
118,2024-12-04,388.09,Groceries,premium
119,2024-09-15,321.65,Groceries,premium
119,2024-09-21,266.59,Home,premium
119,2024-10-06,333.47,Groceries,premium
119,2024-10-08,145.18,Fashion,premium
119,2024-10-12,327.71,Beauty,premium
119,2024-10-16,341.52,Beauty,premium
119,2024-10-16,313.96,Home,premium
119,2024-10-17,246.32,Fashion,premium
119,2024-10-20,264.61,Groceries,premium
119,2024-10-20,328.94,Home,premium
119,2024-10-21,288.64,Groceries,premium
119,2024-10-22,140.93,Home,premium
119,2024-10-22,358.45,Home,premium
119,2024-10-23,317.38,Beauty,premium
119,2024-10-23,231.2,Fashion,premium
119,2024-10-24,282.5,Fashion,premium
119,2024-10-24,361.89,Fashion,premium
119,2024-10-24,348.44,Home,premium
119,2024-10-25,249.61,Fashion,premium
119,2024-10-25,407.87,Fashion,premium
119,2024-10-25,360.75,Beauty,premium
119,2024-10-26,308.52,Beauty,premium
119,2024-10-26,270.62,Beauty,premium
119,2024-10-26,244.5,Home,premium
119,2024-10-26,297.53,Beauty,premium
119,2024-10-27,211.2,Groceries,premium
119,2024-10-27,269.47,Fashion,premium
119,2024-10-28,198.19,Groceries,premium
119,2024-10-28,286.79,Home,premium
119,2024-10-28,388.58,Beauty,premium
119,2024-10-29,181.86,Groceries,premium
119,2024-10-30,286.51,Home,premium
119,2024-10-30,238.01,Beauty,premium
119,2024-10-30,192.23,Fashion,premium
119,2024-10-30,255.56,Fashion,premium
119,2024-10-31,388.99,Fashion,premium
119,2024-10-31,352.46,Beauty,premium
119,2024-10-31,196.89,Groceries,premium
120,2024-10-01,245.89,Beauty,premium
120,2024-10-01,168.77,Travel,premium
120,2024-10-04,362.63,Electronics,premium
120,2024-10-13,227.55,Sports,premium
120,2024-10-22,196.44,Travel,premium
120,2024-10-24,203.49,Books,premium
120,2024-10-24,291.12,Fashion,premium
120,2024-10-25,190.18,Fashion,premium
120,2024-10-27,226.79,Travel,premium
120,2024-10-29,302.06,Beauty,premium
120,2024-10-29,139.03,Travel,premium
120,2024-10-31,200.25,Travel,premium
120,2024-10-31,205.37,Sports,premium
120,2024-10-31,327.43,Sports,premium
120,2024-11-01,385.37,Fashion,premium
120,2024-11-01,460.06,Travel,premium
120,2024-11-01,371.81,Fashion,premium
120,2024-11-02,126.61,Books,premium
120,2024-11-03,162.31,Electronics,premium
120,2024-11-03,375.23,Books,premium
120,2024-11-03,363.0,Fashion,premium
120,2024-11-03,221.75,Beauty,premium
120,2024-11-03,195.9,Beauty,premium
120,2024-11-03,270.76,Groceries,premium
120,2024-11-04,381.54,Sports,premium
120,2024-11-05,274.58,Books,premium
120,2024-11-06,377.81,Fashion,premium
120,2024-11-06,291.76,Fashion,premium
120,2024-11-07,382.23,Books,premium
120,2024-11-08,330.65,Groceries,premium
121,2024-08-25,14.86,Home,regular
121,2024-08-27,106.35,Home,regular
121,2024-09-16,110.85,Home,regular
121,2024-09-16,68.29,Home,regular
121,2024-09-19,87.73,Home,regular
121,2024-09-23,5.0,Home,regular
121,2024-10-01,5.0,Home,regular
121,2024-10-09,118.26,Home,regular
121,2024-10-12,68.83,Home,regular
121,2024-10-22,74.61,Home,regular
122,2024-08-04,56.58,Electronics,regular
122,2024-09-18,74.73,Electronics,regular
122,2024-09-19,119.81,Electronics,regular
122,2024-09-19,76.27,Beauty,regular
122,2024-09-20,96.6,Electronics,regular
122,2024-10-08,63.79,Electronics,regular
122,2024-10-08,123.16,Electronics,regular
122,2024-10-11,58.37,Electronics,regular
122,2024-10-18,59.21,Electronics,regular
122,2024-10-24,28.64,Beauty,regular
123,2024-09-25,80.47,Home,regular
123,2024-10-05,61.8,Home,regular
123,2024-10-21,87.63,Home,regular
123,2024-11-05,90.26,Home,regular
123,2024-11-09,106.07,Home,regular
123,2024-11-13,129.11,Home,regular
123,2024-11-29,74.08,Home,regular
124,2024-09-27,71.46,Home,regular
124,2024-10-12,54.46,Travel,regular
124,2024-10-19,98.62,Travel,regular
124,2024-10-25,137.67,Home,regular
124,2024-11-01,129.85,Groceries,regular
124,2024-11-08,83.9,Home,regular
124,2024-11-10,58.71,Travel,regular
124,2024-11-27,105.41,Travel,regular
124,2024-11-27,84.37,Travel,regular
124,2024-12-08,93.23,Home,regular
124,2024-12-08,50.04,Home,regular
124,2024-12-12,39.67,Groceries,regular
124,2024-12-14,51.24,Home,regular
125,2024-04-16,77.53,Books,regular
125,2024-09-26,94.42,Travel,regular
125,2024-09-28,163.44,Travel,regular
125,2024-10-01,97.07,Travel,regular
125,2024-10-16,91.35,Electronics,regular
125,2024-10-18,144.03,Books,regular
125,2024-10-30,45.77,Electronics,regular
125,2024-11-22,74.65,Travel,regular
125,2024-12-03,126.66,Travel,regular
125,2024-12-05,89.27,Electronics,regular
126,2024-08-05,129.88,Travel,regular
126,2024-08-19,52.72,Travel,regular
126,2024-08-26,88.45,Travel,regular
126,2024-08-31,12.93,Travel,regular
126,2024-09-05,103.33,Travel,regular
126,2024-09-08,96.31,Travel,regular
126,2024-09-12,74.42,Travel,regular
126,2024-09-26,77.14,Travel,regular
126,2024-09-28,81.42,Travel,regular
126,2024-10-05,61.33,Travel,regular
126,2024-10-06,90.54,Travel,regular
126,2024-10-07,77.52,Travel,regular
127,2024-03-17,82.36,Sports,regular
127,2024-06-13,79.86,Electronics,regular
127,2024-09-07,125.64,Sports,regular
127,2024-10-07,48.36,Electronics,regular
127,2024-10-08,100.32,Sports,regular
127,2024-10-13,37.28,Sports,regular
127,2024-10-25,77.61,Sports,regular
127,2024-11-03,77.94,Sports,regular
127,2024-11-10,130.01,Sports,regular
127,2024-11-11,61.01,Electronics,regular
128,2024-08-22,59.65,Home,regular
128,2024-11-11,17.63,Home,regular
128,2024-11-24,90.86,Books,regular
128,2024-11-24,74.19,Home,regular
128,2024-11-28,103.68,Groceries,regular
128,2024-11-29,74.87,Groceries,regular
128,2024-12-12,66.18,Books,regular
128,2024-12-13,85.68,Home,regular
128,2024-12-13,16.67,Home,regular
128,2024-12-19,99.76,Home,regular
128,2024-12-21,52.81,Books,regular
128,2024-12-27,5.0,Home,regular
128,2024-12-27,79.61,Home,regular
129,2024-09-11,48.42,Beauty,regular
129,2024-09-14,90.29,Groceries,regular
129,2024-09-22,98.54,Home,regular
129,2024-09-30,114.33,Home,regular
129,2024-09-30,82.05,Groceries,regular
129,2024-10-04,125.0,Home,regular
129,2024-10-09,60.15,Home,regular
129,2024-10-13,71.59,Beauty,regular
129,2024-10-20,68.06,Groceries,regular
129,2024-10-25,145.8,Beauty,regular
130,2024-07-28,46.96,Books,regular
130,2024-08-25,52.56,Books,regular
130,2024-09-26,106.89,Books,regular
130,2024-09-29,46.36,Books,regular
130,2024-10-01,129.78,Books,regular
130,2024-10-22,86.12,Electronics,regular
130,2024-10-25,93.5,Books,regular
131,2024-07-19,63.64,Travel,regular
131,2024-08-16,81.1,Travel,regular
131,2024-09-07,5.0,Travel,regular
131,2024-09-10,106.5,Travel,regular
131,2024-09-28,106.2,Travel,regular
131,2024-09-30,120.44,Travel,regular
131,2024-10-01,40.25,Travel,regular
131,2024-10-02,76.22,Travel,regular
131,2024-10-04,113.24,Travel,regular
131,2024-10-06,115.82,Travel,regular
131,2024-10-08,129.37,Travel,regular
131,2024-10-08,88.08,Travel,regular
131,2024-10-08,83.32,Travel,regular
132,2024-01-23,97.64,Sports,regular
132,2024-05-28,109.23,Sports,regular
132,2024-08-19,59.61,Electronics,regular
132,2024-10-25,103.24,Sports,regular
132,2024-11-06,79.77,Electronics,regular
133,2024-08-08,83.68,Fashion,regular
133,2024-10-29,74.78,Beauty,regular
133,2024-11-03,92.06,Fashion,regular
133,2024-12-12,5.0,Fashion,regular
133,2024-12-18,75.38,Home,regular
133,2024-12-21,56.37,Beauty,regular
133,2024-12-24,89.88,Beauty,regular
134,2024-10-15,78.0,Books,regular
134,2024-11-15,129.27,Travel,regular
134,2024-11-24,52.07,Books,regular
134,2024-11-28,74.15,Beauty,regular
134,2024-12-03,22.95,Travel,regular
134,2024-12-08,87.68,Books,regular
134,2024-12-08,91.56,Beauty,regular
134,2024-12-20,123.92,Beauty,regular
134,2024-12-22,55.08,Travel,regular
134,2024-12-22,53.23,Books,regular
134,2024-12-23,23.41,Beauty,regular
134,2024-12-24,49.57,Beauty,regular
134,2024-12-28,130.6,Travel,regular
134,2024-12-28,20.93,Travel,regular
135,2024-08-04,70.48,Electronics,regular
135,2024-10-13,51.68,Electronics,regular
135,2024-10-26,77.62,Fashion,regular
135,2024-11-05,90.9,Electronics,regular
135,2024-11-19,65.5,Electronics,regular
135,2024-12-01,86.68,Electronics,regular
136,2024-06-29,43.38,Books,regular
136,2024-07-01,133.51,Sports,regular
136,2024-08-02,45.66,Books,regular
136,2024-09-06,15.81,Books,regular
136,2024-09-15,99.38,Sports,regular
136,2024-09-27,114.93,Sports,regular
137,2024-06-24,127.83,Groceries,regular
137,2024-08-03,63.58,Groceries,regular
137,2024-09-02,120.35,Groceries,regular
137,2024-09-13,125.86,Sports,regular
137,2024-09-14,74.07,Travel,regular
137,2024-09-20,89.96,Groceries,regular
137,2024-09-22,85.38,Fashion,regular
137,2024-10-08,38.61,Fashion,regular
137,2024-10-13,124.73,Groceries,regular
137,2024-10-18,96.18,Fashion,regular
137,2024-10-18,89.99,Travel,regular
137,2024-10-19,78.12,Sports,regular
137,2024-10-20,89.5,Fashion,regular
138,2024-04-12,100.6,Sports,regular
138,2024-04-15,105.43,Groceries,regular
138,2024-06-02,109.78,Sports,regular
138,2024-06-21,85.66,Groceries,regular
138,2024-06-25,94.51,Groceries,regular
138,2024-07-18,109.3,Groceries,regular
138,2024-08-01,63.25,Sports,regular
138,2024-08-05,108.91,Travel,regular
139,2024-06-18,59.48,Electronics,regular
139,2024-07-22,75.54,Electronics,regular
139,2024-08-28,121.41,Electronics,regular
139,2024-09-06,74.72,Electronics,regular
139,2024-09-21,116.43,Electronics,regular
139,2024-09-28,104.58,Electronics,regular
139,2024-10-07,136.42,Electronics,regular
139,2024-10-09,91.01,Electronics,regular
139,2024-10-18,83.51,Electronics,regular
139,2024-10-20,117.93,Electronics,regular
139,2024-10-24,56.94,Electronics,regular
139,2024-10-27,71.68,Electronics,regular
139,2024-10-30,34.6,Electronics,regular
139,2024-10-31,47.37,Electronics,regular
140,2024-09-02,104.23,Books,regular
140,2024-10-11,69.32,Books,regular
140,2024-10-17,100.08,Groceries,regular
140,2024-10-21,103.93,Groceries,regular
140,2024-10-23,108.0,Home,regular
140,2024-10-23,42.05,Groceries,regular
140,2024-11-01,96.25,Groceries,regular
140,2024-11-02,68.73,Home,regular
140,2024-11-02,131.1,Books,regular
140,2024-11-06,106.19,Home,regular
140,2024-11-09,80.63,Books,regular
140,2024-11-11,104.26,Home,regular
140,2024-11-15,76.89,Books,regular
140,2024-11-17,49.47,Home,regular
140,2024-11-18,82.11,Home,regular
141,2024-07-01,104.72,Home,regular
141,2024-08-08,82.95,Travel,regular
141,2024-09-08,55.53,Home,regular
141,2024-10-10,100.85,Travel,regular
141,2024-10-23,113.99,Travel,regular
141,2024-10-28,54.98,Travel,regular
141,2024-11-04,59.35,Groceries,regular
141,2024-11-05,83.14,Travel,regular
141,2024-11-24,110.88,Home,regular
142,2024-05-21,104.12,Sports,regular
142,2024-07-27,82.33,Sports,regular
142,2024-08-10,64.34,Groceries,regular
142,2024-08-11,39.56,Groceries,regular
142,2024-08-14,38.32,Groceries,regular
142,2024-08-19,91.38,Groceries,regular
142,2024-09-03,54.85,Sports,regular
142,2024-09-20,28.17,Sports,regular
142,2024-09-29,103.89,Groceries,regular
142,2024-10-06,26.94,Sports,regular
143,2024-07-02,79.94,Home,regular
143,2024-07-13,101.9,Beauty,regular
143,2024-08-31,108.19,Groceries,regular
143,2024-09-02,133.2,Beauty,regular
143,2024-09-11,87.77,Groceries,regular
143,2024-10-16,74.59,Groceries,regular
143,2024-10-20,99.4,Groceries,regular
143,2024-10-24,82.82,Groceries,regular
144,2024-07-12,107.27,Home,regular
144,2024-07-25,44.97,Home,regular
144,2024-09-20,102.84,Home,regular
144,2024-09-20,79.76,Fashion,regular
144,2024-10-06,125.81,Home,regular
144,2024-10-10,105.71,Sports,regular
144,2024-10-13,10.13,Sports,regular
144,2024-10-17,129.86,Sports,regular
144,2024-10-19,76.46,Home,regular
145,2024-03-11,76.25,Electronics,regular
145,2024-08-01,59.18,Sports,regular
145,2024-08-13,65.39,Sports,regular
145,2024-09-06,125.56,Sports,regular
145,2024-09-27,147.98,Electronics,regular
145,2024-12-06,69.56,Electronics,regular
146,2024-06-03,77.23,Books,regular
146,2024-06-22,158.99,Beauty,regular
146,2024-10-06,82.32,Books,regular
146,2024-10-09,40.69,Books,regular
146,2024-10-15,24.61,Beauty,regular
146,2024-10-19,88.98,Fashion,regular
146,2024-10-22,82.81,Fashion,regular
146,2024-10-24,141.68,Fashion,regular
146,2024-10-24,61.04,Books,regular
147,2024-06-06,82.92,Groceries,regular
147,2024-06-14,121.4,Groceries,regular
147,2024-06-22,60.46,Travel,regular
147,2024-07-01,5.0,Travel,regular
147,2024-07-24,35.02,Travel,regular
147,2024-08-18,93.0,Travel,regular
147,2024-08-21,53.28,Groceries,regular
147,2024-08-22,79.34,Travel,regular
147,2024-09-01,98.89,Groceries,regular
147,2024-09-01,98.15,Travel,regular
148,2024-10-01,86.8,Beauty,regular
148,2024-10-07,115.53,Groceries,regular
148,2024-10-22,14.51,Beauty,regular
148,2024-11-03,75.52,Beauty,regular
148,2024-11-10,107.22,Beauty,regular
148,2024-11-23,46.33,Groceries,regular
148,2024-11-26,75.45,Groceries,regular
148,2024-12-02,113.6,Beauty,regular
149,2024-08-08,98.05,Sports,regular
149,2024-09-18,27.38,Electronics,regular
149,2024-10-13,119.93,Beauty,regular
149,2024-10-14,112.77,Beauty,regular
149,2024-10-30,95.0,Sports,regular
149,2024-10-31,113.09,Beauty,regular
149,2024-11-04,115.14,Beauty,regular
149,2024-11-17,133.38,Beauty,regular
149,2024-11-23,110.89,Electronics,regular
149,2024-11-24,72.83,Electronics,regular
149,2024-11-26,95.77,Electronics,regular
149,2024-11-29,125.03,Beauty,regular
150,2024-07-05,58.15,Beauty,regular
150,2024-07-07,117.42,Sports,regular
150,2024-07-09,85.12,Sports,regular
150,2024-07-31,119.61,Sports,regular
150,2024-08-08,119.88,Sports,regular
150,2024-08-13,83.89,Sports,regular
150,2024-08-22,67.47,Beauty,regular
150,2024-09-03,70.58,Beauty,regular
150,2024-09-13,28.75,Sports,regular
150,2024-09-16,95.71,Sports,regular
150,2024-09-20,83.49,Sports,regular
150,2024-09-21,83.85,Beauty,regular
151,2024-06-26,100.69,Beauty,regular
151,2024-08-15,102.82,Electronics,regular
151,2024-09-13,110.3,Books,regular
151,2024-10-06,58.58,Books,regular
151,2024-10-11,111.37,Electronics,regular
151,2024-10-15,56.61,Books,regular
151,2024-10-15,93.38,Electronics,regular
151,2024-10-16,79.57,Electronics,regular
151,2024-10-22,88.01,Books,regular
151,2024-11-04,78.58,Electronics,regular
151,2024-11-12,60.71,Beauty,regular
151,2024-11-16,88.17,Books,regular
152,2024-10-22,71.05,Beauty,regular
152,2024-10-24,122.98,Books,regular
152,2024-11-04,79.87,Beauty,regular
152,2024-11-12,75.12,Beauty,regular
152,2024-11-14,98.52,Beauty,regular
152,2024-11-22,181.26,Books,regular
152,2024-11-23,60.69,Books,regular
152,2024-11-27,113.75,Books,regular
152,2024-11-30,61.65,Beauty,regular
152,2024-12-03,115.3,Beauty,regular
152,2024-12-07,39.86,Beauty,regular
152,2024-12-10,67.59,Books,regular
152,2024-12-11,98.67,Beauty,regular
152,2024-12-12,66.7,Books,regular
153,2024-09-05,61.21,Groceries,regular
153,2024-09-18,142.38,Fashion,regular
153,2024-10-09,72.03,Electronics,regular
153,2024-10-13,60.68,Electronics,regular
153,2024-10-16,84.44,Fashion,regular
153,2024-11-04,35.63,Beauty,regular
153,2024-11-07,104.45,Beauty,regular
153,2024-11-09,83.72,Beauty,regular
153,2024-11-13,55.05,Electronics,regular
153,2024-11-13,35.01,Electronics,regular
154,2024-05-02,73.11,Books,regular
154,2024-07-26,61.39,Books,regular
154,2024-07-27,55.65,Fashion,regular
154,2024-09-11,52.77,Travel,regular
154,2024-09-22,73.98,Fashion,regular
155,2023-12-01,61.62,Travel,regular
155,2024-03-22,49.08,Travel,regular
155,2024-06-27,25.33,Travel,regular
155,2024-07-10,93.06,Travel,regular
155,2024-08-02,76.12,Travel,regular
155,2024-08-10,90.45,Travel,regular
155,2024-08-12,104.04,Travel,regular
155,2024-09-05,56.31,Travel,regular
155,2024-09-10,72.04,Travel,regular
156,2024-06-13,76.93,Groceries,regular
156,2024-08-16,95.0,Groceries,regular
156,2024-11-12,89.43,Beauty,regular
156,2024-11-12,145.28,Groceries,regular
156,2024-11-14,53.69,Groceries,regular
156,2024-11-26,53.92,Groceries,regular
156,2024-12-19,104.47,Beauty,regular
157,2024-09-04,39.39,Fashion,regular
157,2024-09-09,54.66,Sports,regular
157,2024-09-13,117.62,Sports,regular
157,2024-10-10,35.51,Beauty,regular
157,2024-10-17,107.08,Sports,regular
157,2024-11-10,59.07,Fashion,regular
157,2024-11-12,119.07,Fashion,regular
157,2024-11-13,109.2,Beauty,regular
157,2024-11-15,5.0,Beauty,regular
158,2024-04-05,90.3,Groceries,regular
158,2024-06-17,118.5,Groceries,regular
158,2024-07-17,92.01,Groceries,regular
158,2024-07-27,36.98,Groceries,regular
158,2024-08-14,60.25,Groceries,regular
158,2024-08-26,66.79,Groceries,regular
158,2024-09-07,117.79,Groceries,regular
158,2024-09-19,121.82,Groceries,regular
158,2024-09-24,95.62,Groceries,regular
158,2024-09-25,69.32,Groceries,regular
159,2024-10-06,86.51,Home,regular
159,2024-10-16,74.66,Sports,regular
159,2024-10-30,86.01,Fashion,regular
159,2024-11-07,106.15,Fashion,regular
159,2024-11-15,164.12,Fashion,regular
159,2024-12-02,129.69,Sports,regular
159,2024-12-06,52.35,Home,regular
160,2024-02-06,69.2,Sports,regular
160,2024-07-09,78.37,Electronics,regular
160,2024-08-26,73.71,Sports,regular
160,2024-08-29,94.48,Sports,regular
160,2024-09-04,47.01,Electronics,regular
160,2024-09-10,137.61,Electronics,regular
160,2024-09-30,97.86,Sports,regular
161,2024-08-22,71.96,Books,regular
161,2024-09-10,123.19,Groceries,regular
161,2024-09-13,78.14,Books,regular
161,2024-09-24,84.97,Electronics,regular
161,2024-10-28,37.12,Books,regular
161,2024-11-03,59.9,Books,regular
161,2024-11-14,84.48,Books,regular
161,2024-11-18,64.44,Electronics,regular
161,2024-11-19,60.16,Groceries,regular
161,2024-11-19,106.5,Books,regular
161,2024-11-21,96.88,Groceries,regular
161,2024-11-30,81.48,Books,regular
162,2024-06-23,34.72,Home,regular
162,2024-08-19,15.83,Beauty,regular
162,2024-09-21,134.83,Beauty,regular
162,2024-09-29,66.19,Travel,regular
162,2024-10-06,83.77,Beauty,regular
162,2024-10-07,148.58,Travel,regular
162,2024-10-08,45.25,Home,regular
162,2024-10-11,67.65,Travel,regular
162,2024-10-13,93.85,Home,regular
162,2024-10-15,75.29,Home,regular
162,2024-10-16,90.19,Home,regular
162,2024-10-20,72.98,Home,regular
163,2024-06-15,79.74,Fashion,regular
163,2024-08-12,82.14,Fashion,regular
163,2024-08-25,117.31,Fashion,regular
163,2024-08-31,72.27,Fashion,regular
163,2024-09-05,120.61,Fashion,regular
163,2024-10-06,57.85,Fashion,regular
163,2024-10-09,93.1,Fashion,regular
163,2024-10-12,64.37,Fashion,regular
163,2024-10-12,118.47,Fashion,regular
163,2024-10-14,60.44,Fashion,regular
163,2024-10-15,63.5,Fashion,regular
163,2024-10-16,47.31,Fashion,regular
163,2024-10-17,88.09,Fashion,regular
163,2024-10-17,102.73,Fashion,regular
164,2024-09-24,132.69,Books,regular
164,2024-10-08,84.22,Books,regular
164,2024-10-11,49.89,Groceries,regular
164,2024-10-24,70.24,Groceries,regular
164,2024-10-26,88.61,Groceries,regular
164,2024-11-06,91.86,Groceries,regular
164,2024-11-11,66.56,Groceries,regular
164,2024-11-11,73.64,Books,regular
164,2024-11-11,96.59,Books,regular
164,2024-11-19,111.75,Groceries,regular
164,2024-11-20,56.34,Groceries,regular
165,2024-07-04,55.87,Groceries,regular
165,2024-07-23,84.99,Groceries,regular
165,2024-08-04,86.58,Groceries,regular
165,2024-08-09,111.55,Groceries,regular
165,2024-08-28,48.64,Groceries,regular
165,2024-09-11,75.61,Home,regular
165,2024-09-22,5.0,Groceries,regular
166,2024-11-15,96.45,Travel,regular
166,2024-11-16,77.3,Home,regular
166,2024-11-19,69.82,Travel,regular
166,2024-11-19,136.44,Home,regular
166,2024-11-22,119.18,Groceries,regular
166,2024-12-10,104.16,Travel,regular
166,2024-12-12,135.93,Travel,regular
166,2024-12-19,56.37,Home,regular
166,2024-12-22,104.23,Home,regular
166,2024-12-29,77.2,Home,regular
167,2024-08-16,87.27,Fashion,regular
167,2024-08-19,99.12,Fashion,regular
167,2024-09-03,74.43,Fashion,regular
167,2024-09-13,149.45,Beauty,regular
167,2024-09-15,88.25,Beauty,regular
167,2024-09-23,127.77,Fashion,regular
168,2024-09-18,56.69,Electronics,regular
168,2024-09-25,17.33,Home,regular
168,2024-10-04,97.93,Home,regular
168,2024-10-13,122.78,Electronics,regular
168,2024-10-15,139.15,Home,regular
168,2024-10-18,77.02,Travel,regular
168,2024-10-20,101.71,Groceries,regular
168,2024-10-21,57.17,Electronics,regular
168,2024-10-26,88.05,Groceries,regular
168,2024-10-29,64.01,Electronics,regular
168,2024-10-29,78.72,Home,regular
168,2024-11-01,95.24,Electronics,regular
168,2024-11-01,160.16,Travel,regular
169,2024-06-02,99.37,Books,regular
169,2024-08-02,118.68,Groceries,regular
169,2024-08-23,133.39,Groceries,regular
169,2024-09-05,9.73,Groceries,regular
169,2024-09-06,61.94,Groceries,regular
169,2024-09-09,51.0,Groceries,regular
169,2024-09-10,102.29,Books,regular
169,2024-09-22,84.64,Books,regular
169,2024-10-01,55.66,Books,regular
170,2024-08-05,71.03,Books,regular
170,2024-08-14,88.37,Groceries,regular
170,2024-08-16,83.73,Groceries,regular
170,2024-08-31,106.52,Groceries,regular
170,2024-09-19,77.13,Groceries,regular
170,2024-09-28,46.58,Books,regular
170,2024-09-29,60.94,Groceries,regular
170,2024-10-01,75.54,Books,regular
170,2024-10-08,50.4,Books,regular
170,2024-10-09,52.92,Groceries,regular
170,2024-10-09,134.09,Books,regular
170,2024-10-15,51.16,Books,regular
171,2024-06-11,31.4,Travel,regular
171,2024-06-25,101.4,Travel,regular
171,2024-06-29,102.96,Books,regular
171,2024-08-02,93.4,Books,regular
171,2024-08-11,37.9,Travel,regular
171,2024-09-18,98.65,Home,regular
171,2024-09-22,91.06,Books,regular
171,2024-10-05,71.21,Beauty,regular
172,2024-05-20,89.93,Electronics,regular
172,2024-08-11,91.71,Fashion,regular
172,2024-08-12,101.69,Electronics,regular
172,2024-09-07,87.1,Home,regular
172,2024-09-16,89.7,Electronics,regular
172,2024-09-16,5.0,Fashion,regular
172,2024-09-19,50.68,Electronics,regular
172,2024-09-21,58.03,Home,regular
172,2024-09-24,82.74,Home,regular
172,2024-10-01,43.43,Home,regular
172,2024-10-01,83.56,Electronics,regular
172,2024-10-04,60.83,Electronics,regular
172,2024-10-06,80.22,Fashion,regular
173,2024-08-28,127.48,Electronics,regular
173,2024-10-20,92.73,Books,regular
173,2024-10-23,133.98,Electronics,regular
173,2024-11-14,92.89,Electronics,regular
173,2024-11-24,54.58,Books,regular
174,2024-08-26,104.32,Books,regular
174,2024-08-28,52.91,Books,regular
174,2024-10-19,38.79,Books,regular
174,2024-10-26,62.46,Groceries,regular
174,2024-11-12,130.6,Travel,regular
174,2024-11-12,92.22,Books,regular
174,2024-11-19,74.4,Books,regular
174,2024-11-23,111.27,Travel,regular
174,2024-11-26,112.08,Travel,regular
174,2024-11-29,90.56,Travel,regular
174,2024-12-04,41.2,Books,regular
174,2024-12-06,103.57,Travel,regular
175,2024-07-31,86.57,Electronics,regular
175,2024-09-16,108.39,Electronics,regular
175,2024-09-18,128.05,Home,regular
175,2024-09-26,46.23,Electronics,regular
175,2024-10-09,93.93,Electronics,regular
175,2024-10-19,109.52,Electronics,regular
175,2024-10-24,85.58,Electronics,regular
175,2024-11-02,112.98,Fashion,regular
176,2024-06-04,104.06,Beauty,regular
176,2024-07-21,100.05,Travel,regular
176,2024-08-19,63.77,Groceries,regular
176,2024-08-21,103.87,Beauty,regular
176,2024-09-05,44.52,Travel,regular
176,2024-09-05,111.23,Travel,regular
176,2024-09-17,90.18,Groceries,regular
176,2024-10-02,97.01,Travel,regular
176,2024-10-09,24.58,Beauty,regular
176,2024-10-15,82.86,Groceries,regular
176,2024-10-23,40.99,Travel,regular
177,2024-09-30,56.63,Electronics,regular
177,2024-10-10,92.95,Groceries,regular
177,2024-11-01,65.53,Electronics,regular
177,2024-11-07,122.28,Electronics,regular
177,2024-11-17,133.53,Travel,regular
177,2024-11-19,49.61,Electronics,regular
178,2024-07-14,72.37,Sports,regular
178,2024-07-19,38.19,Groceries,regular
178,2024-08-15,35.05,Sports,regular
178,2024-08-18,24.95,Sports,regular
178,2024-08-23,127.48,Groceries,regular
178,2024-08-29,69.19,Groceries,regular
178,2024-09-03,36.9,Sports,regular
178,2024-09-17,30.55,Groceries,regular
178,2024-09-25,126.76,Sports,regular
178,2024-09-28,76.55,Sports,regular
178,2024-10-03,93.34,Sports,regular
179,2024-07-30,46.2,Beauty,regular
179,2024-08-30,43.42,Beauty,regular
179,2024-10-13,137.14,Electronics,regular
179,2024-10-18,97.87,Electronics,regular
179,2024-11-02,76.34,Beauty,regular
179,2024-11-05,105.28,Electronics,regular
179,2024-11-06,82.95,Electronics,regular
180,2024-07-17,52.97,Books,regular
180,2024-08-04,55.67,Fashion,regular
180,2024-09-12,101.94,Fashion,regular
180,2024-09-19,105.53,Fashion,regular
180,2024-10-01,62.87,Fashion,regular
180,2024-10-22,26.49,Books,regular
180,2024-10-25,33.54,Fashion,regular
180,2024-10-28,109.78,Books,regular
180,2024-10-31,84.29,Books,regular
181,2024-08-18,99.82,Groceries,regular
181,2024-11-02,125.59,Groceries,regular
181,2024-11-23,99.29,Electronics,regular
181,2024-11-26,80.4,Groceries,regular
181,2024-12-15,41.11,Groceries,regular
181,2024-12-17,97.94,Groceries,regular
181,2024-12-19,80.64,Groceries,regular
181,2024-12-19,95.42,Groceries,regular
181,2024-12-21,62.48,Electronics,regular
182,2024-07-27,105.01,Electronics,regular
182,2024-07-30,38.65,Electronics,regular
182,2024-08-28,74.1,Electronics,regular
182,2024-08-31,93.9,Electronics,regular
182,2024-10-19,101.01,Electronics,regular
182,2024-10-19,129.79,Electronics,regular
182,2024-10-21,73.27,Electronics,regular
182,2024-10-29,129.38,Electronics,regular
182,2024-10-29,65.23,Electronics,regular
182,2024-10-30,124.86,Electronics,regular
182,2024-11-04,109.52,Electronics,regular
183,2024-06-25,75.01,Books,regular
183,2024-08-11,44.7,Groceries,regular
183,2024-08-23,133.03,Books,regular
183,2024-10-01,111.76,Books,regular
183,2024-10-02,66.8,Groceries,regular
183,2024-10-04,84.26,Travel,regular
183,2024-10-20,38.49,Books,regular
184,2024-07-01,66.69,Electronics,regular
184,2024-08-10,92.79,Electronics,regular
184,2024-08-12,138.91,Beauty,regular
184,2024-08-20,130.91,Sports,regular
184,2024-08-21,111.63,Sports,regular
184,2024-08-23,61.31,Travel,regular
184,2024-08-30,140.05,Sports,regular
184,2024-09-16,69.81,Electronics,regular
184,2024-09-26,132.82,Electronics,regular
184,2024-09-30,135.59,Beauty,regular
184,2024-10-06,60.26,Beauty,regular
184,2024-10-15,21.93,Beauty,regular
185,2024-07-27,147.05,Sports,regular
185,2024-08-10,79.88,Sports,regular
185,2024-08-18,58.19,Sports,regular
185,2024-09-07,51.47,Beauty,regular
185,2024-09-14,90.72,Groceries,regular
185,2024-09-15,39.51,Beauty,regular
185,2024-09-16,62.83,Groceries,regular
185,2024-09-23,51.06,Sports,regular
185,2024-09-24,111.2,Sports,regular
186,2024-08-16,56.28,Groceries,regular
186,2024-08-18,39.41,Books,regular
186,2024-08-30,64.83,Groceries,regular
186,2024-09-15,105.92,Books,regular
186,2024-09-29,74.57,Groceries,regular
186,2024-10-07,101.68,Books,regular
186,2024-10-10,24.05,Books,regular
186,2024-10-11,47.11,Groceries,regular
186,2024-10-18,48.11,Groceries,regular
186,2024-10-19,116.99,Groceries,regular
186,2024-10-28,93.86,Groceries,regular
186,2024-10-31,107.0,Groceries,regular
186,2024-11-01,126.34,Groceries,regular
186,2024-11-04,98.0,Groceries,regular
186,2024-11-06,62.7,Books,regular
187,2024-09-18,73.95,Books,regular
187,2024-09-26,90.85,Fashion,regular
187,2024-09-29,117.22,Fashion,regular
187,2024-10-03,81.14,Fashion,regular
187,2024-10-07,121.51,Beauty,regular
187,2024-10-08,117.88,Beauty,regular
187,2024-10-12,90.9,Fashion,regular
187,2024-10-12,47.96,Beauty,regular
187,2024-10-13,47.54,Books,regular
187,2024-10-14,75.61,Beauty,regular
187,2024-10-17,61.64,Fashion,regular
187,2024-10-21,92.47,Books,regular
187,2024-10-22,73.27,Fashion,regular
187,2024-10-22,59.64,Fashion,regular
188,2024-06-02,126.06,Beauty,regular
188,2024-07-24,82.3,Beauty,regular
188,2024-08-19,60.88,Beauty,regular
188,2024-09-12,111.67,Beauty,regular
188,2024-09-12,98.93,Beauty,regular
188,2024-09-14,60.78,Beauty,regular
188,2024-09-26,93.37,Beauty,regular
188,2024-09-27,80.2,Beauty,regular
188,2024-10-01,73.45,Beauty,regular
189,2024-05-10,65.03,Sports,regular
189,2024-07-10,116.96,Fashion,regular
189,2024-10-14,33.72,Fashion,regular
189,2024-10-25,96.75,Sports,regular
189,2024-10-27,82.32,Sports,regular
189,2024-11-07,133.31,Sports,regular
189,2024-11-07,98.11,Travel,regular
190,2024-06-23,71.54,Home,regular
190,2024-08-10,120.39,Beauty,regular
190,2024-08-19,117.8,Beauty,regular
190,2024-08-31,52.4,Home,regular
190,2024-09-01,94.72,Beauty,regular
190,2024-09-04,100.05,Beauty,regular
190,2024-09-05,41.44,Electronics,regular
190,2024-09-08,31.44,Home,regular
190,2024-09-12,90.94,Beauty,regular
190,2024-09-14,56.02,Beauty,regular
190,2024-09-17,70.25,Beauty,regular
190,2024-09-21,66.19,Electronics,regular
191,2024-05-03,96.45,Groceries,regular
191,2024-05-04,95.27,Groceries,regular
191,2024-05-20,84.32,Beauty,regular
191,2024-08-16,47.16,Beauty,regular
191,2024-08-27,121.46,Groceries,regular
191,2024-09-02,64.13,Beauty,regular
191,2024-09-13,89.58,Groceries,regular
192,2024-10-21,110.27,Fashion,regular
192,2024-11-03,82.79,Sports,regular
192,2024-11-06,107.99,Travel,regular
192,2024-11-06,34.76,Sports,regular
192,2024-11-14,109.3,Home,regular
192,2024-11-14,95.18,Sports,regular
192,2024-11-18,103.3,Home,regular
192,2024-11-19,131.19,Home,regular
192,2024-11-20,72.17,Travel,regular
192,2024-11-21,66.52,Fashion,regular
192,2024-11-24,77.56,Home,regular
192,2024-11-25,61.0,Travel,regular
192,2024-11-27,85.97,Home,regular
192,2024-11-28,95.36,Home,regular
192,2024-11-30,112.39,Sports,regular
192,2024-11-30,122.87,Travel,regular
192,2024-11-30,114.71,Travel,regular
193,2024-06-27,94.69,Beauty,regular
193,2024-09-22,117.96,Electronics,regular
193,2024-09-25,99.67,Beauty,regular
193,2024-09-26,102.62,Electronics,regular
193,2024-10-23,131.95,Groceries,regular
193,2024-10-27,90.97,Electronics,regular
193,2024-10-31,70.1,Electronics,regular
193,2024-11-03,71.08,Groceries,regular
193,2024-11-06,52.05,Beauty,regular
193,2024-11-08,95.2,Electronics,regular
194,2024-06-13,100.48,Books,regular
194,2024-07-25,69.24,Fashion,regular
194,2024-08-21,61.12,Fashion,regular
194,2024-08-23,61.02,Books,regular
194,2024-09-05,102.77,Fashion,regular
194,2024-09-11,66.36,Fashion,regular
194,2024-09-19,102.78,Electronics,regular
194,2024-09-26,96.49,Electronics,regular
195,2024-06-04,87.62,Books,regular
195,2024-06-23,120.31,Beauty,regular
195,2024-07-09,67.7,Beauty,regular
195,2024-07-15,101.15,Beauty,regular
195,2024-07-27,110.53,Beauty,regular
195,2024-08-31,73.15,Groceries,regular
195,2024-10-07,94.27,Beauty,regular
195,2024-10-21,127.72,Groceries,regular
196,2024-10-07,63.58,Fashion,regular
196,2024-10-08,82.25,Fashion,regular
196,2024-11-10,65.61,Fashion,regular
196,2024-11-28,107.12,Fashion,regular
196,2024-12-03,43.77,Fashion,regular
196,2024-12-06,5.0,Fashion,regular
196,2024-12-13,123.87,Fashion,regular
196,2024-12-14,92.42,Fashion,regular
196,2024-12-18,117.18,Fashion,regular
196,2024-12-21,122.87,Fashion,regular
196,2024-12-26,57.51,Fashion,regular
196,2024-12-26,86.82,Fashion,regular
196,2024-12-26,100.16,Fashion,regular
196,2024-12-29,81.75,Fashion,regular
197,2024-10-07,94.06,Books,regular
197,2024-10-13,84.14,Fashion,regular
197,2024-10-27,72.97,Fashion,regular
197,2024-11-14,103.71,Fashion,regular
197,2024-11-18,139.16,Fashion,regular
197,2024-11-22,73.96,Fashion,regular
197,2024-11-25,51.74,Books,regular
197,2024-11-25,73.32,Books,regular
197,2024-11-28,125.67,Fashion,regular
198,2024-10-05,71.83,Home,regular
198,2024-11-14,93.76,Home,regular
198,2024-11-26,93.41,Books,regular
198,2024-11-27,85.45,Books,regular
198,2024-11-28,103.6,Books,regular
198,2024-11-29,55.66,Books,regular
198,2024-12-03,66.63,Home,regular
199,2024-09-22,37.94,Sports,regular
199,2024-10-06,66.2,Sports,regular
199,2024-11-03,132.73,Sports,regular
199,2024-11-06,100.14,Sports,regular
199,2024-11-09,109.61,Sports,regular
199,2024-11-13,85.91,Sports,regular
199,2024-11-14,93.97,Groceries,regular
199,2024-11-17,114.06,Groceries,regular
199,2024-11-21,88.03,Groceries,regular
199,2024-11-26,71.75,Sports,regular
199,2024-11-26,92.02,Groceries,regular
199,2024-11-27,128.73,Groceries,regular
199,2024-11-30,88.88,Groceries,regular
200,2024-07-07,64.22,Home,regular
200,2024-09-02,82.93,Beauty,regular
200,2024-09-21,80.51,Home,regular
200,2024-10-08,61.87,Home,regular
200,2024-10-09,105.06,Beauty,regular
200,2024-10-13,66.36,Home,regular
200,2024-10-17,148.41,Home,regular
200,2024-10-17,87.07,Home,regular
200,2024-10-23,76.09,Beauty,regular
200,2024-10-24,73.74,Beauty,regular
200,2024-11-03,77.29,Beauty,regular
201,2024-07-03,54.26,Books,regular
201,2024-07-26,80.51,Books,regular
201,2024-08-06,35.99,Fashion,regular
201,2024-08-27,72.47,Fashion,regular
201,2024-09-09,86.26,Fashion,regular
201,2024-09-25,125.07,Fashion,regular
201,2024-09-30,149.26,Fashion,regular
201,2024-10-08,101.9,Books,regular
201,2024-10-09,68.6,Beauty,regular
201,2024-10-10,144.93,Fashion,regular
201,2024-10-14,120.37,Beauty,regular
201,2024-10-15,57.33,Beauty,regular
202,2024-05-08,98.55,Home,regular
202,2024-09-04,103.19,Fashion,regular
202,2024-09-17,46.31,Books,regular
202,2024-10-01,75.95,Sports,regular
202,2024-10-30,56.26,Fashion,regular
202,2024-11-08,112.54,Sports,regular
202,2024-11-11,127.26,Sports,regular
203,2024-05-18,102.14,Beauty,regular
203,2024-10-04,126.72,Travel,regular
203,2024-10-10,94.25,Travel,regular
203,2024-10-23,117.13,Travel,regular
203,2024-10-31,64.39,Sports,regular
203,2024-11-05,104.45,Beauty,regular
203,2024-11-05,106.72,Travel,regular
203,2024-11-13,110.58,Beauty,regular
203,2024-11-13,107.9,Sports,regular
204,2024-06-24,44.01,Books,regular
204,2024-07-17,43.17,Groceries,regular
204,2024-08-02,118.04,Books,regular
204,2024-08-04,96.23,Travel,regular
204,2024-08-10,28.16,Books,regular
204,2024-08-10,45.36,Books,regular
204,2024-08-23,91.98,Travel,regular
204,2024-08-25,125.3,Groceries,regular
204,2024-09-01,158.68,Travel,regular
205,2024-08-10,73.56,Fashion,regular
205,2024-09-19,94.05,Fashion,regular
205,2024-10-06,30.23,Fashion,regular
205,2024-10-14,115.07,Groceries,regular
205,2024-10-14,106.94,Groceries,regular
205,2024-10-24,42.47,Groceries,regular
205,2024-10-31,84.22,Travel,regular
205,2024-10-31,119.08,Travel,regular
205,2024-11-01,26.24,Groceries,regular
205,2024-11-04,102.35,Fashion,regular
205,2024-11-07,56.93,Groceries,regular
206,2024-11-01,93.41,Groceries,regular
206,2024-11-20,65.42,Travel,regular
206,2024-11-22,85.89,Groceries,regular
206,2024-11-29,116.41,Groceries,regular
206,2024-12-14,104.57,Groceries,regular
206,2024-12-19,120.87,Groceries,regular
206,2024-12-22,52.49,Travel,regular
206,2024-12-27,120.51,Travel,regular
206,2024-12-28,83.82,Groceries,regular
207,2024-06-27,98.2,Books,regular
207,2024-08-06,120.32,Travel,regular
207,2024-08-18,49.32,Travel,regular
207,2024-08-27,103.4,Books,regular
207,2024-09-15,98.77,Books,regular
207,2024-09-23,44.74,Travel,regular
207,2024-10-17,50.71,Travel,regular
207,2024-10-17,39.12,Travel,regular
207,2024-10-21,136.17,Books,regular
207,2024-10-22,45.69,Books,regular
208,2024-06-04,54.75,Fashion,regular
208,2024-09-06,118.94,Books,regular
208,2024-09-10,50.7,Electronics,regular
208,2024-09-26,46.46,Electronics,regular
208,2024-10-21,75.07,Books,regular
208,2024-11-09,83.05,Books,regular
208,2024-11-12,98.45,Electronics,regular
208,2024-11-18,92.77,Sports,regular
208,2024-12-04,53.03,Sports,regular
209,2024-09-10,95.57,Groceries,regular
209,2024-09-13,101.71,Sports,regular
209,2024-09-30,52.25,Groceries,regular
209,2024-09-30,60.58,Groceries,regular
209,2024-10-12,50.04,Groceries,regular
209,2024-10-15,102.83,Home,regular
209,2024-10-22,68.47,Sports,regular
209,2024-10-23,129.95,Groceries,regular
209,2024-10-29,81.39,Sports,regular
209,2024-10-30,60.63,Sports,regular
209,2024-11-01,50.17,Groceries,regular
210,2024-09-16,59.28,Sports,regular
210,2024-09-20,75.17,Fashion,regular
210,2024-10-24,84.02,Sports,regular
210,2024-10-29,95.83,Fashion,regular
210,2024-11-12,107.55,Sports,regular
210,2024-11-16,67.14,Sports,regular
210,2024-11-18,96.44,Fashion,regular
210,2024-11-19,131.72,Fashion,regular
210,2024-11-30,101.84,Fashion,regular
210,2024-12-11,93.04,Fashion,regular
211,2023-10-21,76.95,Electronics,regular
211,2023-11-20,95.7,Electronics,regular
211,2024-07-03,127.81,Electronics,regular
211,2024-09-16,96.14,Electronics,regular
212,2024-06-03,122.71,Fashion,regular
212,2024-07-15,66.67,Fashion,regular
212,2024-08-18,73.39,Sports,regular
212,2024-09-29,95.7,Sports,regular
212,2024-10-04,53.14,Fashion,regular
212,2024-10-06,121.94,Sports,regular
212,2024-10-12,93.68,Sports,regular
212,2024-10-25,50.6,Fashion,regular
212,2024-10-26,14.13,Sports,regular
212,2024-11-04,159.71,Fashion,regular
213,2024-02-08,71.34,Books,regular
213,2024-08-15,74.38,Books,regular
213,2024-08-19,131.92,Home,regular
213,2024-10-24,109.06,Home,regular
213,2024-10-28,55.04,Home,regular
213,2024-11-03,48.33,Books,regular
214,2024-07-26,83.84,Groceries,regular
214,2024-09-22,59.27,Electronics,regular
214,2024-09-24,73.46,Groceries,regular
214,2024-10-01,131.68,Groceries,regular
214,2024-10-03,92.4,Electronics,regular
214,2024-10-22,100.92,Groceries,regular
215,2024-02-08,109.87,Home,regular
215,2024-07-05,93.49,Home,regular
215,2024-08-07,71.08,Home,regular
215,2024-10-11,22.88,Home,regular
215,2024-10-17,76.03,Home,regular
215,2024-11-03,100.63,Home,regular
216,2024-08-16,72.32,Home,regular
216,2024-09-01,64.14,Home,regular
216,2024-10-12,34.91,Home,regular
216,2024-10-18,66.04,Home,regular
216,2024-10-19,114.31,Home,regular
216,2024-10-29,73.31,Home,regular
216,2024-12-06,84.27,Home,regular
217,2024-07-20,140.25,Sports,regular
217,2024-07-21,79.39,Fashion,regular
217,2024-07-26,87.86,Sports,regular
217,2024-08-09,83.23,Fashion,regular
217,2024-08-09,86.41,Books,regular
217,2024-09-04,33.43,Electronics,regular
217,2024-09-07,116.41,Electronics,regular
217,2024-09-13,17.73,Electronics,regular
218,2024-09-24,71.23,Fashion,regular
218,2024-09-28,148.83,Travel,regular
218,2024-10-10,56.53,Electronics,regular
218,2024-10-14,76.23,Home,regular
218,2024-10-20,157.01,Home,regular
218,2024-10-23,107.1,Travel,regular
218,2024-10-23,68.98,Fashion,regular
218,2024-10-24,97.77,Home,regular
218,2024-10-28,93.26,Home,regular
218,2024-11-03,71.14,Travel,regular
218,2024-11-04,85.44,Electronics,regular
218,2024-11-10,94.78,Home,regular
219,2024-09-25,61.47,Books,regular
219,2024-10-18,96.43,Books,regular
219,2024-10-27,86.62,Beauty,regular
219,2024-10-29,54.62,Beauty,regular
219,2024-10-29,32.2,Beauty,regular
219,2024-11-09,102.8,Beauty,regular
219,2024-11-12,72.21,Books,regular
219,2024-11-15,35.45,Beauty,regular
219,2024-11-19,86.03,Groceries,regular
219,2024-11-21,104.34,Books,regular
219,2024-11-27,96.26,Groceries,regular
219,2024-12-02,25.05,Books,regular
219,2024-12-03,63.84,Groceries,regular
220,2024-06-13,75.27,Groceries,regular
220,2024-07-28,45.53,Groceries,regular
220,2024-08-07,71.02,Travel,regular
220,2024-09-19,91.51,Sports,regular
220,2024-09-23,104.64,Groceries,regular
220,2024-09-24,63.56,Groceries,regular
220,2024-09-25,138.84,Sports,regular
221,2024-09-14,54.45,Books,regular
221,2024-09-21,57.25,Sports,regular
221,2024-09-22,71.06,Groceries,regular
221,2024-09-23,103.56,Sports,regular
221,2024-10-18,144.57,Sports,regular
221,2024-10-29,111.02,Sports,regular
221,2024-11-02,114.94,Books,regular
221,2024-11-06,60.15,Books,regular
221,2024-11-09,88.61,Books,regular
221,2024-11-09,93.27,Groceries,regular
222,2024-07-28,44.06,Travel,regular
222,2024-09-06,83.43,Beauty,regular
222,2024-09-15,74.64,Beauty,regular
222,2024-09-19,78.62,Travel,regular
222,2024-09-22,71.77,Travel,regular
222,2024-09-22,51.51,Travel,regular
222,2024-10-01,78.84,Travel,regular
222,2024-10-08,78.16,Travel,regular
222,2024-10-12,114.64,Beauty,regular
222,2024-10-13,98.78,Beauty,regular
222,2024-10-15,76.19,Beauty,regular
223,2024-09-29,46.99,Home,regular
223,2024-09-29,99.77,Fashion,regular
223,2024-10-13,94.04,Groceries,regular
223,2024-10-25,58.18,Home,regular
223,2024-10-27,83.55,Electronics,regular
223,2024-11-12,78.67,Groceries,regular
223,2024-11-13,66.0,Fashion,regular
223,2024-11-16,138.02,Home,regular
223,2024-11-18,97.89,Fashion,regular
223,2024-11-18,85.57,Electronics,regular
223,2024-11-20,78.42,Electronics,regular
224,2024-07-13,138.65,Books,regular
224,2024-08-13,44.57,Home,regular
224,2024-09-20,59.19,Home,regular
224,2024-10-07,71.64,Home,regular
224,2024-10-09,75.9,Sports,regular
224,2024-10-09,60.98,Beauty,regular
224,2024-10-18,49.2,Home,regular
224,2024-10-19,30.0,Home,regular
224,2024-10-23,103.78,Travel,regular
224,2024-10-25,92.02,Beauty,regular
224,2024-10-28,66.55,Travel,regular
224,2024-10-28,60.25,Books,regular
224,2024-11-03,42.47,Beauty,regular
224,2024-11-03,152.73,Books,regular
224,2024-11-04,166.45,Books,regular
224,2024-11-05,38.41,Beauty,regular
224,2024-11-05,114.51,Beauty,regular
225,2024-07-31,122.27,Home,regular
225,2024-10-08,113.95,Home,regular
225,2024-11-03,76.1,Home,regular
225,2024-11-09,111.38,Home,regular
225,2024-11-09,144.99,Home,regular
225,2024-11-18,53.37,Home,regular
225,2024-11-22,101.66,Home,regular
225,2024-11-22,144.58,Home,regular
225,2024-12-01,104.59,Home,regular
226,2024-07-10,5.0,Travel,regular
226,2024-07-17,70.88,Beauty,regular
226,2024-08-08,128.64,Beauty,regular
226,2024-08-24,141.42,Travel,regular
226,2024-09-13,93.75,Beauty,regular
226,2024-09-15,91.42,Beauty,regular
226,2024-09-16,84.98,Groceries,regular
227,2024-08-29,66.6,Home,regular
227,2024-09-14,90.15,Groceries,regular
227,2024-10-01,93.78,Home,regular
227,2024-10-04,102.16,Groceries,regular
227,2024-10-05,53.94,Home,regular
227,2024-10-13,104.23,Groceries,regular
227,2024-10-15,100.8,Groceries,regular
227,2024-10-16,111.63,Groceries,regular
227,2024-10-18,97.32,Home,regular
227,2024-10-19,47.96,Home,regular
227,2024-10-24,74.3,Groceries,regular
227,2024-10-25,63.32,Groceries,regular
227,2024-10-27,100.31,Home,regular
228,2024-10-10,107.74,Travel,regular
228,2024-10-24,76.78,Travel,regular
228,2024-10-27,116.2,Fashion,regular
228,2024-11-12,63.78,Travel,regular
228,2024-11-19,84.69,Travel,regular
228,2024-11-19,93.45,Travel,regular
228,2024-11-30,123.26,Fashion,regular
228,2024-12-06,100.31,Fashion,regular
228,2024-12-11,66.91,Fashion,regular
228,2024-12-11,63.97,Fashion,regular
228,2024-12-12,97.85,Fashion,regular
228,2024-12-13,119.9,Fashion,regular
228,2024-12-14,59.51,Travel,regular
228,2024-12-14,106.1,Fashion,regular
229,2024-07-14,38.13,Home,regular
229,2024-08-05,59.47,Home,regular
229,2024-08-19,52.9,Books,regular
229,2024-09-05,58.61,Home,regular
229,2024-09-13,79.77,Home,regular
229,2024-09-25,97.8,Books,regular
229,2024-10-07,144.63,Books,regular
229,2024-10-08,117.59,Home,regular
230,2024-08-06,31.72,Fashion,regular
230,2024-09-20,135.19,Books,regular
230,2024-09-25,99.29,Travel,regular
230,2024-10-03,61.16,Fashion,regular
230,2024-10-14,107.28,Fashion,regular
230,2024-10-15,63.23,Books,regular
230,2024-10-17,89.06,Travel,regular
230,2024-10-21,13.15,Travel,regular
230,2024-10-25,115.77,Fashion,regular
230,2024-10-25,87.38,Fashion,regular
230,2024-10-25,89.16,Fashion,regular
231,2024-08-02,76.71,Sports,regular
231,2024-09-23,91.9,Electronics,regular
231,2024-09-29,80.46,Sports,regular
231,2024-10-07,71.24,Sports,regular
231,2024-10-17,100.95,Electronics,regular
231,2024-11-03,104.43,Electronics,regular
231,2024-11-19,45.67,Beauty,regular
231,2024-11-22,132.06,Beauty,regular
231,2024-11-23,89.23,Beauty,regular
231,2024-11-24,39.25,Sports,regular
231,2024-11-30,144.45,Electronics,regular
232,2024-08-24,56.65,Home,regular
232,2024-08-26,104.37,Home,regular
232,2024-10-10,54.53,Home,regular
232,2024-10-15,101.15,Home,regular
232,2024-10-22,43.92,Home,regular
233,2024-09-06,91.42,Electronics,regular
233,2024-09-27,42.28,Groceries,regular
233,2024-10-04,111.68,Electronics,regular
233,2024-10-09,87.42,Electronics,regular
233,2024-10-11,127.6,Groceries,regular
233,2024-10-13,145.91,Groceries,regular
233,2024-10-20,100.65,Groceries,regular
233,2024-10-23,108.11,Electronics,regular
233,2024-10-25,60.78,Groceries,regular
233,2024-10-27,39.54,Groceries,regular
233,2024-10-30,101.25,Electronics,regular
233,2024-10-30,86.88,Electronics,regular
233,2024-10-31,112.72,Electronics,regular
233,2024-11-05,28.34,Electronics,regular
233,2024-11-05,78.79,Electronics,regular
234,2024-06-10,104.06,Groceries,regular
234,2024-08-16,49.41,Sports,regular
234,2024-09-02,96.82,Groceries,regular
234,2024-09-05,115.94,Groceries,regular
234,2024-09-07,40.84,Sports,regular
234,2024-09-16,82.92,Sports,regular
234,2024-09-18,53.7,Groceries,regular
234,2024-09-18,108.53,Groceries,regular
234,2024-09-22,40.24,Groceries,regular
234,2024-09-25,62.48,Sports,regular
234,2024-09-27,60.21,Groceries,regular
235,2024-06-02,35.08,Books,regular
235,2024-08-30,53.54,Beauty,regular
235,2024-09-16,58.46,Beauty,regular
235,2024-10-04,94.29,Books,regular
235,2024-10-20,25.16,Books,regular
235,2024-10-30,87.48,Beauty,regular
236,2024-07-06,71.2,Electronics,regular
236,2024-07-29,97.56,Beauty,regular
236,2024-10-02,26.86,Beauty,regular
236,2024-10-06,118.19,Electronics,regular
236,2024-10-13,77.62,Electronics,regular
236,2024-10-19,90.12,Electronics,regular
236,2024-10-19,66.61,Beauty,regular
236,2024-10-25,102.08,Beauty,regular
236,2024-10-26,87.15,Electronics,regular
236,2024-10-28,36.84,Beauty,regular
236,2024-10-29,62.94,Beauty,regular
236,2024-10-29,54.76,Beauty,regular
236,2024-10-30,87.55,Electronics,regular
237,2024-09-08,98.17,Travel,regular
237,2024-09-12,99.76,Groceries,regular
237,2024-10-09,51.07,Groceries,regular
237,2024-10-26,83.21,Books,regular
237,2024-10-31,82.65,Travel,regular
237,2024-11-03,89.96,Travel,regular
237,2024-11-09,113.98,Groceries,regular
238,2024-07-16,47.7,Sports,regular
238,2024-07-24,68.12,Sports,regular
238,2024-08-02,80.61,Sports,regular
238,2024-08-16,91.5,Sports,regular
238,2024-08-24,123.32,Sports,regular
238,2024-09-05,57.14,Sports,regular
238,2024-09-07,66.13,Sports,regular
238,2024-09-21,127.71,Sports,regular
238,2024-09-28,50.23,Sports,regular
238,2024-10-01,106.81,Sports,regular
238,2024-10-03,82.34,Sports,regular
238,2024-10-08,96.64,Sports,regular
239,2024-07-26,114.88,Beauty,regular
239,2024-08-05,156.05,Home,regular
239,2024-09-12,118.77,Beauty,regular
239,2024-09-26,90.28,Home,regular
239,2024-09-30,69.93,Beauty,regular
239,2024-11-19,99.38,Sports,regular
239,2024-11-20,79.79,Beauty,regular
240,2024-08-22,126.81,Beauty,regular
240,2024-09-14,61.58,Beauty,regular
240,2024-10-05,48.69,Beauty,regular
240,2024-10-10,127.85,Travel,regular
240,2024-10-11,59.74,Beauty,regular
240,2024-10-13,46.98,Travel,regular
240,2024-10-18,81.71,Travel,regular
240,2024-10-27,88.99,Travel,regular
240,2024-10-27,121.33,Travel,regular
240,2024-11-05,102.34,Travel,regular
240,2024-11-07,87.6,Travel,regular
241,2024-08-21,68.72,Sports,regular
241,2024-09-11,126.3,Sports,regular
241,2024-09-16,69.36,Sports,regular
241,2024-09-18,47.74,Groceries,regular
241,2024-09-27,123.44,Sports,regular
241,2024-09-30,28.31,Sports,regular
241,2024-10-03,101.67,Groceries,regular
241,2024-10-05,66.75,Groceries,regular
241,2024-10-05,76.16,Groceries,regular
241,2024-10-08,48.44,Sports,regular
241,2024-10-09,124.0,Groceries,regular
241,2024-10-11,63.58,Electronics,regular
241,2024-10-11,77.05,Electronics,regular
241,2024-10-11,42.38,Sports,regular
241,2024-10-13,49.56,Electronics,regular
242,2024-06-19,74.11,Travel,regular
242,2024-10-09,39.18,Groceries,regular
242,2024-10-29,69.31,Books,regular
242,2024-11-11,62.74,Travel,regular
242,2024-11-13,59.48,Groceries,regular
242,2024-11-21,128.64,Groceries,regular
242,2024-11-29,54.26,Books,regular
242,2024-12-26,109.46,Travel,regular
242,2024-12-29,87.72,Travel,regular
243,2024-07-09,90.72,Travel,regular
243,2024-07-29,91.24,Travel,regular
243,2024-08-18,96.53,Travel,regular
243,2024-09-02,32.35,Travel,regular
243,2024-09-02,35.12,Travel,regular
243,2024-09-07,40.09,Travel,regular
243,2024-09-10,73.8,Travel,regular
243,2024-09-17,28.85,Travel,regular
243,2024-09-17,64.31,Travel,regular
243,2024-09-18,43.95,Travel,regular
243,2024-09-22,99.63,Travel,regular
243,2024-09-25,98.13,Travel,regular
244,2024-07-20,137.6,Home,regular
244,2024-08-01,102.64,Home,regular
244,2024-08-03,63.81,Home,regular
244,2024-09-05,85.97,Home,regular
244,2024-09-06,58.19,Home,regular
244,2024-09-17,79.52,Home,regular
244,2024-09-20,68.36,Home,regular
244,2024-09-28,120.24,Home,regular
244,2024-10-03,148.48,Home,regular
245,2023-12-09,138.42,Electronics,regular
245,2024-04-29,104.17,Electronics,regular
245,2024-05-28,63.75,Electronics,regular
245,2024-06-30,71.95,Electronics,regular
245,2024-07-21,40.66,Electronics,regular
246,2023-12-16,142.83,Sports,regular
246,2024-09-06,100.46,Sports,regular
246,2024-09-18,94.78,Sports,regular
247,2024-07-24,51.59,Books,regular
247,2024-09-22,114.98,Home,regular
247,2024-10-24,92.12,Fashion,regular
247,2024-10-30,67.58,Home,regular
247,2024-10-31,84.9,Fashion,regular
248,2024-07-02,56.12,Groceries,regular
248,2024-07-06,144.82,Beauty,regular
248,2024-07-12,91.5,Fashion,regular
248,2024-07-12,105.36,Beauty,regular
248,2024-07-16,36.9,Beauty,regular
248,2024-07-22,39.02,Groceries,regular
248,2024-07-27,54.93,Groceries,regular
248,2024-07-30,66.79,Fashion,regular
249,2024-03-11,142.46,Sports,regular
249,2024-08-19,79.71,Travel,regular
249,2024-09-01,28.66,Sports,regular
249,2024-10-03,94.71,Travel,regular
249,2024-10-12,48.62,Travel,regular
249,2024-11-01,5.0,Groceries,regular
249,2024-11-02,22.69,Travel,regular
249,2024-12-09,61.49,Sports,regular
250,2024-03-19,111.3,Groceries,regular
250,2024-07-11,97.27,Electronics,regular
250,2024-08-21,70.01,Fashion,regular
250,2024-08-27,68.42,Groceries,regular
250,2024-08-30,67.14,Groceries,regular
250,2024-09-18,76.38,Beauty,regular
250,2024-09-26,115.87,Beauty,regular
251,2024-11-06,96.17,Groceries,regular
251,2024-11-22,73.56,Fashion,regular
252,2024-06-23,84.65,Electronics,regular
252,2024-08-29,57.33,Groceries,regular
252,2024-09-11,74.67,Travel,regular
252,2024-09-22,55.21,Travel,regular
252,2024-10-11,83.9,Travel,regular
252,2024-10-11,119.22,Groceries,regular
252,2024-10-20,60.46,Groceries,regular
252,2024-10-21,130.85,Travel,regular
252,2024-10-23,105.66,Electronics,regular
253,2024-09-11,93.59,Books,regular
253,2024-10-08,56.59,Beauty,regular
253,2024-10-12,111.62,Beauty,regular
253,2024-10-18,59.26,Beauty,regular
253,2024-10-20,117.75,Beauty,regular
253,2024-10-22,93.86,Beauty,regular
253,2024-11-19,87.87,Books,regular
253,2024-11-26,71.26,Beauty,regular
253,2024-11-28,75.04,Beauty,regular
253,2024-11-29,104.6,Books,regular
253,2024-12-06,32.33,Beauty,regular
254,2024-08-20,87.16,Beauty,regular
254,2024-08-25,125.41,Beauty,regular
254,2024-10-01,62.82,Groceries,regular
254,2024-10-31,140.57,Groceries,regular
254,2024-11-09,80.83,Beauty,regular
254,2024-11-20,122.95,Groceries,regular
254,2024-11-29,86.06,Beauty,regular
254,2024-11-30,52.4,Electronics,regular
254,2024-12-02,77.28,Beauty,regular
254,2024-12-05,49.53,Electronics,regular
255,2024-07-23,116.87,Fashion,regular
255,2024-08-17,106.39,Sports,regular
255,2024-09-01,30.09,Sports,regular
255,2024-09-09,96.33,Sports,regular
255,2024-10-06,148.59,Sports,regular
255,2024-10-13,57.93,Home,regular
255,2024-10-13,55.82,Home,regular
255,2024-10-13,147.87,Home,regular
256,2024-06-03,107.57,Beauty,regular
256,2024-07-12,67.36,Beauty,regular
256,2024-07-30,71.73,Books,regular
256,2024-08-10,139.63,Groceries,regular
256,2024-08-23,143.45,Groceries,regular
256,2024-08-28,89.98,Books,regular
256,2024-09-18,104.53,Beauty,regular
256,2024-09-28,134.87,Books,regular
257,2024-08-14,62.68,Home,regular
257,2024-09-17,98.52,Home,regular
257,2024-10-05,78.06,Groceries,regular
257,2024-10-05,125.88,Fashion,regular
257,2024-10-06,46.55,Fashion,regular
257,2024-10-09,52.59,Groceries,regular
257,2024-10-13,68.75,Groceries,regular
257,2024-10-15,71.29,Home,regular
257,2024-10-26,91.76,Home,regular
257,2024-10-30,45.04,Groceries,regular
257,2024-10-31,124.24,Groceries,regular
257,2024-11-03,106.05,Home,regular
257,2024-11-08,88.76,Fashion,regular
257,2024-11-09,88.73,Groceries,regular
258,2024-09-06,76.3,Travel,regular
258,2024-09-07,80.27,Books,regular
258,2024-09-17,86.49,Sports,regular
258,2024-09-24,71.71,Beauty,regular
258,2024-09-25,99.88,Beauty,regular
258,2024-09-26,77.28,Travel,regular
258,2024-09-30,104.53,Books,regular
258,2024-10-02,39.19,Beauty,regular
258,2024-10-04,88.58,Sports,regular
258,2024-10-11,91.52,Beauty,regular
258,2024-10-21,63.17,Travel,regular
258,2024-10-22,76.01,Beauty,regular
258,2024-10-22,102.39,Beauty,regular
258,2024-10-23,87.93,Beauty,regular
259,2024-10-09,86.51,Books,regular
259,2024-11-10,65.34,Electronics,regular
259,2024-11-11,90.85,Home,regular
259,2024-11-18,67.25,Fashion,regular
259,2024-11-18,78.18,Books,regular
259,2024-11-20,49.69,Books,regular
259,2024-11-22,131.87,Books,regular
259,2024-11-27,42.88,Books,regular
259,2024-12-02,98.51,Electronics,regular
259,2024-12-03,124.7,Books,regular
259,2024-12-06,84.01,Fashion,regular
259,2024-12-08,85.49,Fashion,regular
260,2024-08-23,110.3,Books,regular
260,2024-09-04,56.81,Books,regular
260,2024-09-25,85.99,Books,regular
260,2024-09-26,73.52,Home,regular
260,2024-09-27,61.92,Home,regular
260,2024-10-09,73.68,Beauty,regular
260,2024-10-12,141.44,Books,regular
260,2024-10-15,92.06,Books,regular
260,2024-10-16,94.45,Home,regular
260,2024-10-23,103.72,Home,regular
260,2024-10-28,63.96,Books,regular
261,2024-09-19,40.72,Books,regular
261,2024-10-31,78.58,Fashion,regular
261,2024-11-20,82.78,Fashion,regular
261,2024-11-23,72.72,Books,regular
261,2024-11-24,140.57,Fashion,regular
261,2024-12-07,76.09,Fashion,regular
261,2024-12-08,72.91,Fashion,regular
261,2024-12-08,79.92,Electronics,regular
261,2024-12-08,124.75,Fashion,regular
261,2024-12-09,55.83,Books,regular
261,2024-12-10,119.22,Fashion,regular
261,2024-12-11,5.0,Electronics,regular
262,2024-07-08,70.68,Beauty,regular
262,2024-07-27,121.36,Beauty,regular
262,2024-08-11,65.43,Home,regular
262,2024-08-29,115.1,Beauty,regular
262,2024-08-31,101.45,Beauty,regular
262,2024-08-31,73.97,Beauty,regular
262,2024-09-01,107.99,Home,regular
262,2024-09-01,80.19,Beauty,regular
262,2024-09-20,76.6,Beauty,regular
262,2024-09-21,107.74,Beauty,regular
262,2024-09-22,73.8,Beauty,regular
262,2024-10-04,27.61,Home,regular
263,2024-10-01,76.44,Electronics,regular
263,2024-10-11,113.73,Fashion,regular
263,2024-10-16,82.71,Electronics,regular
263,2024-10-24,35.15,Electronics,regular
263,2024-10-24,83.98,Electronics,regular
263,2024-10-29,93.51,Fashion,regular
263,2024-10-29,166.44,Electronics,regular
263,2024-11-02,130.06,Fashion,regular
263,2024-11-08,56.66,Fashion,regular
263,2024-11-13,104.68,Fashion,regular
263,2024-11-18,82.17,Fashion,regular
263,2024-11-19,90.44,Fashion,regular
263,2024-11-29,98.89,Electronics,regular
263,2024-12-02,70.28,Fashion,regular
263,2024-12-03,78.53,Electronics,regular
264,2024-09-05,59.22,Books,regular
264,2024-09-19,105.38,Books,regular
264,2024-10-04,85.04,Home,regular
264,2024-10-09,26.87,Books,regular
264,2024-10-09,71.21,Books,regular
264,2024-10-09,53.1,Home,regular
264,2024-10-11,68.18,Home,regular
264,2024-11-09,69.09,Books,regular
264,2024-11-09,94.49,Home,regular
264,2024-11-12,125.99,Home,regular
264,2024-11-18,127.47,Books,regular
264,2024-11-23,115.63,Home,regular
264,2024-11-25,141.1,Home,regular
265,2024-08-17,81.96,Books,regular
265,2024-08-29,44.98,Beauty,regular
265,2024-09-07,69.27,Books,regular
265,2024-09-15,68.25,Beauty,regular
265,2024-10-01,69.29,Sports,regular
265,2024-10-25,44.03,Sports,regular
265,2024-10-28,97.6,Sports,regular
265,2024-11-01,90.52,Sports,regular
266,2024-07-17,34.12,Sports,regular
266,2024-08-06,55.21,Fashion,regular
266,2024-08-10,68.52,Sports,regular
266,2024-08-17,46.45,Fashion,regular
266,2024-08-27,75.6,Fashion,regular
266,2024-09-07,81.23,Fashion,regular
266,2024-09-11,52.81,Fashion,regular
266,2024-09-13,63.43,Sports,regular
266,2024-09-14,77.13,Sports,regular
266,2024-10-04,112.2,Fashion,regular
267,2024-08-23,61.1,Electronics,regular
267,2024-08-29,71.25,Electronics,regular
267,2024-09-22,96.74,Sports,regular
267,2024-09-26,97.56,Electronics,regular
267,2024-10-06,42.25,Sports,regular
267,2024-10-13,55.77,Electronics,regular
267,2024-10-16,87.16,Sports,regular
267,2024-10-24,154.44,Electronics,regular
267,2024-10-29,82.65,Sports,regular
267,2024-11-10,69.54,Electronics,regular
267,2024-11-21,89.49,Sports,regular
268,2024-09-22,44.42,Fashion,regular
268,2024-10-11,82.8,Fashion,regular
268,2024-10-11,21.33,Fashion,regular
268,2024-10-16,81.91,Fashion,regular
268,2024-10-17,23.39,Fashion,regular
268,2024-10-20,66.86,Fashion,regular
268,2024-10-22,71.87,Fashion,regular
268,2024-10-26,88.69,Fashion,regular
268,2024-10-29,77.42,Fashion,regular
268,2024-11-01,47.92,Fashion,regular
268,2024-11-03,48.48,Fashion,regular
268,2024-11-04,36.58,Fashion,regular
268,2024-11-05,91.19,Fashion,regular
268,2024-11-06,89.87,Fashion,regular
269,2024-01-28,50.06,Home,regular
269,2024-09-02,103.15,Electronics,regular
269,2024-09-03,76.59,Home,regular
269,2024-10-01,94.17,Electronics,regular
269,2024-10-01,78.28,Home,regular
269,2024-10-03,100.76,Home,regular
269,2024-10-08,13.34,Home,regular
269,2024-10-15,76.67,Home,regular
269,2024-10-18,86.06,Electronics,regular
269,2024-10-26,80.23,Electronics,regular
269,2024-10-30,63.51,Electronics,regular
269,2024-10-30,71.39,Home,regular
270,2024-08-28,74.63,Beauty,regular
270,2024-09-17,96.13,Beauty,regular
270,2024-10-19,114.91,Beauty,regular
270,2024-10-19,74.86,Books,regular
270,2024-10-27,57.16,Beauty,regular
270,2024-10-28,118.19,Beauty,regular
270,2024-11-01,10.03,Beauty,regular
270,2024-11-21,53.36,Books,regular
270,2024-11-24,54.64,Books,regular
270,2024-12-03,157.67,Books,regular
270,2024-12-04,70.95,Books,regular
271,2024-08-30,35.67,Books,regular
271,2024-09-22,145.8,Books,regular
271,2024-09-24,77.85,Books,regular
271,2024-10-08,57.03,Home,regular
271,2024-10-19,98.44,Books,regular
271,2024-10-26,103.12,Home,regular
271,2024-10-28,52.57,Books,regular
271,2024-10-28,69.17,Books,regular
271,2024-11-02,50.55,Home,regular
271,2024-11-04,111.14,Books,regular
271,2024-11-07,125.9,Books,regular
271,2024-11-13,67.56,Books,regular
271,2024-11-13,54.34,Books,regular
271,2024-11-15,123.59,Books,regular
271,2024-11-18,78.42,Home,regular
272,2024-04-17,61.71,Electronics,regular
272,2024-06-04,170.02,Electronics,regular
272,2024-09-07,70.74,Electronics,regular
272,2024-09-15,65.09,Home,regular
272,2024-09-23,112.06,Electronics,regular
272,2024-10-10,61.95,Electronics,regular
272,2024-10-29,102.75,Home,regular
272,2024-11-07,122.78,Home,regular
272,2024-11-12,60.87,Electronics,regular
273,2024-09-06,65.98,Electronics,regular
273,2024-09-06,102.17,Electronics,regular
273,2024-09-08,48.45,Sports,regular
273,2024-09-24,96.89,Sports,regular
273,2024-10-06,134.58,Fashion,regular
273,2024-10-15,62.35,Electronics,regular
273,2024-10-16,131.71,Fashion,regular
273,2024-10-17,90.61,Sports,regular
273,2024-10-21,123.34,Groceries,regular
273,2024-10-21,100.75,Electronics,regular
273,2024-10-22,93.26,Groceries,regular
273,2024-10-23,112.41,Fashion,regular
273,2024-10-25,40.66,Sports,regular
273,2024-10-30,92.29,Electronics,regular
274,2024-09-08,61.66,Fashion,regular
274,2024-10-25,69.67,Electronics,regular
274,2024-11-05,127.81,Electronics,regular
274,2024-11-09,72.4,Electronics,regular
274,2024-12-04,85.65,Electronics,regular
274,2024-12-12,91.15,Electronics,regular
274,2024-12-16,76.72,Electronics,regular
274,2024-12-20,121.48,Electronics,regular
274,2024-12-21,63.42,Fashion,regular
274,2024-12-23,117.9,Electronics,regular
274,2024-12-24,72.16,Fashion,regular
274,2024-12-24,101.66,Electronics,regular
274,2024-12-25,117.5,Electronics,regular
274,2024-12-27,62.6,Electronics,regular
275,2024-11-02,51.81,Fashion,regular
275,2024-11-03,88.05,Home,regular
275,2024-11-09,68.67,Home,regular
275,2024-11-15,52.67,Fashion,regular
275,2024-11-22,77.09,Fashion,regular
275,2024-11-24,63.02,Fashion,regular
275,2024-12-06,113.28,Fashion,regular
275,2024-12-06,52.87,Groceries,regular
276,2024-08-12,59.6,Groceries,regular
276,2024-09-05,150.32,Groceries,regular
276,2024-09-17,30.25,Sports,regular
276,2024-10-07,88.77,Sports,regular
276,2024-10-18,42.65,Groceries,regular
276,2024-10-25,129.82,Sports,regular
276,2024-10-30,75.08,Groceries,regular
276,2024-11-04,129.96,Groceries,regular
276,2024-11-07,107.04,Groceries,regular
276,2024-11-11,114.32,Sports,regular
277,2024-05-06,87.66,Home,regular
277,2024-06-09,94.94,Home,regular
277,2024-07-20,55.67,Home,regular
277,2024-08-05,75.78,Home,regular
277,2024-08-12,102.31,Home,regular
277,2024-08-14,80.53,Home,regular
277,2024-08-25,86.81,Home,regular
277,2024-08-29,114.77,Home,regular
277,2024-09-03,27.78,Home,regular
277,2024-09-13,96.08,Home,regular
278,2024-09-06,94.56,Travel,regular
278,2024-09-28,45.25,Travel,regular
278,2024-10-07,148.15,Travel,regular
278,2024-10-11,22.59,Travel,regular
278,2024-10-11,93.37,Travel,regular
278,2024-10-14,51.88,Travel,regular
278,2024-10-24,56.26,Travel,regular
278,2024-10-28,85.69,Travel,regular
278,2024-10-28,51.82,Travel,regular
278,2024-10-29,120.49,Fashion,regular
278,2024-10-31,100.21,Travel,regular
278,2024-10-31,126.27,Fashion,regular
278,2024-11-01,87.54,Travel,regular
278,2024-11-02,67.85,Fashion,regular
278,2024-11-03,137.87,Fashion,regular
279,2024-08-07,94.68,Fashion,regular
279,2024-08-09,151.6,Beauty,regular
279,2024-08-26,86.0,Fashion,regular
279,2024-09-19,116.85,Beauty,regular
279,2024-09-22,77.74,Sports,regular
279,2024-09-29,37.41,Beauty,regular
279,2024-10-08,56.38,Beauty,regular
280,2024-08-30,90.26,Sports,regular
280,2024-09-21,70.0,Books,regular
280,2024-10-13,100.96,Books,regular
280,2024-11-23,11.71,Sports,regular
280,2024-12-09,54.49,Books,regular
280,2024-12-14,61.81,Sports,regular
280,2024-12-20,81.58,Books,regular
281,2024-08-31,62.33,Fashion,regular
281,2024-09-15,93.99,Groceries,regular
281,2024-10-09,35.33,Fashion,regular
281,2024-10-10,37.89,Groceries,regular
281,2024-10-22,130.85,Travel,regular
281,2024-10-24,67.02,Travel,regular
281,2024-10-24,122.06,Travel,regular
281,2024-10-25,136.47,Groceries,regular
281,2024-10-28,87.8,Travel,regular
281,2024-10-30,75.37,Fashion,regular
282,2024-07-17,154.44,Home,regular
282,2024-08-01,91.22,Home,regular
282,2024-08-08,33.5,Home,regular
282,2024-08-31,33.66,Home,regular
282,2024-09-23,82.75,Home,regular
282,2024-09-27,69.31,Home,regular
282,2024-10-18,60.81,Home,regular
282,2024-10-19,138.79,Home,regular
282,2024-10-25,73.93,Home,regular
282,2024-10-26,109.63,Home,regular
283,2024-01-02,59.75,Electronics,regular
283,2024-09-15,114.55,Books,regular
283,2024-10-06,96.59,Electronics,regular
283,2024-10-15,72.34,Electronics,regular
283,2024-10-19,58.25,Books,regular
283,2024-10-20,115.1,Electronics,regular
283,2024-10-25,178.04,Books,regular
283,2024-10-31,75.56,Books,regular
283,2024-11-02,94.78,Books,regular
283,2024-11-07,89.52,Books,regular
284,2024-07-27,93.45,Home,regular
284,2024-08-13,88.16,Home,regular
284,2024-08-25,80.64,Home,regular
284,2024-09-01,82.66,Beauty,regular
284,2024-09-17,98.2,Home,regular
284,2024-09-18,117.26,Home,regular
284,2024-09-25,56.64,Beauty,regular
284,2024-09-27,128.51,Home,regular
284,2024-10-03,27.64,Travel,regular
284,2024-10-06,98.26,Travel,regular
284,2024-10-07,48.02,Home,regular
284,2024-10-11,105.07,Home,regular
285,2024-08-25,52.01,Beauty,regular
285,2024-08-27,74.31,Beauty,regular
285,2024-09-01,39.24,Books,regular
285,2024-09-03,74.13,Books,regular
285,2024-09-05,77.93,Books,regular
285,2024-09-11,87.5,Beauty,regular
285,2024-09-14,75.0,Beauty,regular
285,2024-09-15,101.64,Books,regular
285,2024-09-15,45.08,Books,regular
285,2024-09-24,86.22,Books,regular
285,2024-09-25,107.84,Books,regular
285,2024-09-28,67.04,Beauty,regular
285,2024-09-28,78.32,Beauty,regular
285,2024-09-29,74.2,Books,regular
285,2024-09-29,145.93,Books,regular
286,2024-08-15,123.4,Electronics,regular
286,2024-08-30,117.31,Electronics,regular
286,2024-10-02,90.34,Electronics,regular
286,2024-10-05,80.95,Sports,regular
286,2024-11-06,63.47,Electronics,regular
286,2024-11-22,97.71,Sports,regular
286,2024-12-14,68.1,Electronics,regular
286,2024-12-15,102.23,Electronics,regular
286,2024-12-16,70.08,Electronics,regular
287,2024-07-17,48.24,Electronics,regular
287,2024-07-27,135.97,Beauty,regular
287,2024-08-04,64.05,Electronics,regular
287,2024-08-15,114.54,Books,regular
287,2024-09-03,108.72,Books,regular
287,2024-09-08,95.29,Travel,regular
287,2024-09-11,65.59,Books,regular
287,2024-09-15,145.53,Electronics,regular
287,2024-09-16,86.32,Electronics,regular
287,2024-09-26,40.5,Books,regular
287,2024-09-30,103.44,Electronics,regular
287,2024-10-02,123.22,Electronics,regular
287,2024-10-04,8.42,Beauty,regular
287,2024-10-07,27.84,Electronics,regular
288,2024-06-07,69.38,Home,regular
288,2024-07-16,61.18,Books,regular
288,2024-07-16,58.38,Books,regular
288,2024-07-23,64.52,Home,regular
288,2024-08-18,98.57,Home,regular
288,2024-08-18,67.62,Home,regular
288,2024-08-25,28.74,Home,regular
288,2024-09-08,104.18,Home,regular
288,2024-09-17,93.66,Books,regular
289,2024-07-16,69.32,Beauty,regular
289,2024-08-01,41.47,Sports,regular
289,2024-08-15,115.88,Electronics,regular
289,2024-08-20,70.85,Electronics,regular
289,2024-09-13,164.39,Sports,regular
289,2024-09-14,122.27,Electronics,regular
289,2024-09-14,79.1,Electronics,regular
289,2024-10-06,112.52,Books,regular
289,2024-10-08,100.43,Travel,regular
289,2024-10-09,69.43,Books,regular
290,2024-05-17,89.3,Fashion,regular
290,2024-08-27,150.54,Travel,regular
290,2024-09-10,68.69,Fashion,regular
290,2024-09-18,97.94,Travel,regular
290,2024-10-03,49.78,Travel,regular
290,2024-10-22,36.7,Travel,regular
291,2024-08-11,108.74,Sports,regular
291,2024-10-15,53.01,Beauty,regular
291,2024-10-23,43.87,Beauty,regular
291,2024-10-26,132.85,Beauty,regular
291,2024-10-31,90.1,Sports,regular
291,2024-11-03,48.51,Sports,regular
291,2024-11-07,95.4,Travel,regular
291,2024-11-07,74.89,Beauty,regular
291,2024-11-08,107.78,Beauty,regular
291,2024-11-08,61.37,Travel,regular
291,2024-11-10,51.2,Travel,regular
291,2024-11-12,128.84,Travel,regular
291,2024-11-19,93.82,Travel,regular
292,2024-04-19,27.05,Sports,regular
292,2024-07-01,57.71,Sports,regular
292,2024-08-30,47.44,Sports,regular
292,2024-09-16,47.7,Sports,regular
292,2024-10-13,87.09,Sports,regular
293,2024-05-29,112.16,Electronics,regular
293,2024-09-01,56.69,Groceries,regular
293,2024-09-24,70.06,Electronics,regular
293,2024-09-29,96.97,Groceries,regular
293,2024-10-04,64.64,Electronics,regular
293,2024-10-07,111.91,Electronics,regular
293,2024-10-07,49.56,Electronics,regular
293,2024-10-08,134.85,Electronics,regular
293,2024-10-11,118.05,Groceries,regular
293,2024-10-26,115.83,Electronics,regular
294,2024-07-29,43.33,Beauty,regular
294,2024-08-23,73.51,Fashion,regular
294,2024-08-25,98.02,Travel,regular
294,2024-08-27,110.3,Beauty,regular
294,2024-09-02,58.02,Fashion,regular
294,2024-09-06,50.32,Fashion,regular
294,2024-09-07,51.74,Fashion,regular
294,2024-09-10,115.02,Beauty,regular
294,2024-09-10,89.45,Beauty,regular
294,2024-09-13,117.2,Fashion,regular
294,2024-09-14,109.44,Fashion,regular
295,2024-04-28,89.87,Home,regular
295,2024-07-22,72.54,Home,regular
295,2024-09-08,136.19,Home,regular
295,2024-09-08,86.54,Home,regular
295,2024-09-10,48.15,Home,regular
295,2024-09-14,55.08,Home,regular
295,2024-10-06,153.47,Home,regular
295,2024-10-18,72.4,Home,regular
296,2024-04-25,47.27,Books,regular
296,2024-10-08,90.48,Beauty,regular
296,2024-11-29,42.16,Books,regular
297,2024-07-11,97.09,Sports,regular
297,2024-10-10,48.88,Groceries,regular
297,2024-10-30,129.44,Groceries,regular
297,2024-11-07,107.77,Electronics,regular
297,2024-11-11,95.44,Electronics,regular
297,2024-12-14,94.3,Groceries,regular
297,2024-12-15,123.95,Sports,regular
298,2024-05-10,113.19,Fashion,regular
298,2024-07-23,91.52,Fashion,regular
298,2024-08-18,48.22,Fashion,regular
298,2024-08-29,105.23,Electronics,regular
298,2024-09-04,97.59,Electronics,regular
298,2024-09-16,94.83,Fashion,regular
299,2024-07-17,111.36,Books,regular
299,2024-08-02,66.74,Books,regular
299,2024-09-10,66.57,Books,regular
299,2024-09-18,89.73,Books,regular
299,2024-09-29,49.69,Books,regular
299,2024-10-05,115.1,Books,regular
299,2024-10-09,52.55,Books,regular
299,2024-10-09,76.32,Books,regular
299,2024-10-17,161.17,Books,regular
299,2024-11-03,50.72,Books,regular
299,2024-11-06,129.17,Books,regular
299,2024-11-10,88.64,Books,regular
299,2024-11-12,92.87,Books,regular
299,2024-11-17,60.72,Books,regular
300,2024-09-03,111.72,Beauty,regular
300,2024-09-16,112.15,Beauty,regular
300,2024-10-18,80.99,Beauty,regular
300,2024-10-26,113.17,Home,regular
300,2024-11-08,65.69,Home,regular
300,2024-11-15,84.24,Beauty,regular
300,2024-11-24,95.4,Beauty,regular
300,2024-11-25,78.73,Beauty,regular
300,2024-11-29,113.85,Beauty,regular
300,2024-11-29,95.72,Home,regular
300,2024-11-29,5.0,Home,regular
300,2024-12-02,93.03,Beauty,regular
301,2024-07-10,65.91,Home,regular
301,2024-09-05,95.27,Travel,regular
301,2024-09-14,57.7,Travel,regular
301,2024-09-22,110.28,Travel,regular
301,2024-10-10,141.5,Home,regular
301,2024-10-27,85.91,Travel,regular
301,2024-10-31,96.46,Travel,regular
301,2024-11-03,13.45,Travel,regular
301,2024-11-03,47.17,Home,regular
301,2024-11-06,94.82,Travel,regular
302,2024-06-16,75.11,Travel,regular
302,2024-06-22,50.21,Books,regular
302,2024-08-01,99.35,Books,regular
302,2024-08-14,55.64,Books,regular
302,2024-08-14,118.74,Travel,regular
302,2024-08-23,15.02,Travel,regular
302,2024-08-30,134.8,Travel,regular
302,2024-09-02,121.43,Books,regular
302,2024-09-06,71.19,Travel,regular
303,2024-07-17,95.4,Home,regular
303,2024-08-03,54.73,Home,regular
303,2024-08-18,80.25,Home,regular
303,2024-09-02,104.12,Travel,regular
303,2024-09-09,96.5,Home,regular
303,2024-09-12,149.24,Travel,regular
303,2024-09-14,105.35,Travel,regular
303,2024-09-20,72.58,Travel,regular
303,2024-09-24,96.93,Home,regular
304,2024-05-19,120.35,Electronics,regular
304,2024-07-31,87.04,Fashion,regular
304,2024-08-24,82.68,Electronics,regular
304,2024-09-18,156.23,Electronics,regular
304,2024-09-27,78.11,Electronics,regular
304,2024-10-03,56.13,Fashion,regular
305,2024-09-05,123.71,Groceries,regular
305,2024-10-08,46.61,Groceries,regular
305,2024-10-09,38.66,Sports,regular
305,2024-10-12,126.06,Sports,regular
305,2024-10-13,143.02,Groceries,regular
305,2024-11-02,53.15,Groceries,regular
305,2024-11-06,69.95,Groceries,regular
305,2024-11-06,115.79,Sports,regular
305,2024-11-14,120.26,Sports,regular
305,2024-11-19,91.32,Sports,regular
305,2024-11-19,78.36,Groceries,regular
305,2024-11-20,82.51,Groceries,regular
306,2024-09-02,125.48,Home,regular
306,2024-09-20,131.14,Fashion,regular
306,2024-09-22,64.08,Home,regular
306,2024-09-26,44.51,Fashion,regular
306,2024-09-29,94.28,Fashion,regular
306,2024-09-29,78.62,Home,regular
306,2024-09-30,104.82,Fashion,regular
306,2024-10-02,92.02,Home,regular
306,2024-10-04,93.84,Fashion,regular
307,2024-04-24,84.49,Sports,regular
307,2024-07-03,53.24,Beauty,regular
307,2024-07-06,38.89,Sports,regular
307,2024-08-21,150.53,Beauty,regular
307,2024-08-28,72.45,Sports,regular
307,2024-09-07,76.39,Beauty,regular
307,2024-09-07,130.79,Beauty,regular
307,2024-09-10,108.03,Beauty,regular
308,2024-09-07,96.66,Beauty,regular
308,2024-09-16,77.88,Beauty,regular
308,2024-09-28,20.2,Beauty,regular
308,2024-09-29,154.33,Home,regular
308,2024-09-29,60.11,Beauty,regular
308,2024-10-06,160.63,Home,regular
308,2024-10-13,125.93,Books,regular
308,2024-10-13,39.89,Beauty,regular
308,2024-10-14,68.59,Books,regular
308,2024-10-14,108.23,Home,regular
308,2024-10-19,71.19,Books,regular
308,2024-10-20,59.19,Books,regular
308,2024-10-20,84.66,Books,regular
309,2024-09-04,82.34,Electronics,regular
309,2024-09-18,82.2,Beauty,regular
309,2024-09-24,19.51,Books,regular
309,2024-09-26,82.4,Electronics,regular
309,2024-09-27,82.16,Books,regular
309,2024-10-02,146.06,Books,regular
309,2024-10-04,125.9,Electronics,regular
309,2024-10-05,111.6,Beauty,regular
310,2024-08-01,75.51,Books,regular
310,2024-08-01,119.76,Beauty,regular
310,2024-09-05,122.52,Books,regular
310,2024-09-10,93.82,Sports,regular
310,2024-10-13,71.96,Beauty,regular
310,2024-10-14,40.14,Books,regular
310,2024-10-15,72.88,Beauty,regular
310,2024-10-16,110.67,Books,regular
310,2024-10-16,82.37,Sports,regular
310,2024-10-18,78.01,Sports,regular
310,2024-10-18,82.88,Books,regular
310,2024-10-19,74.25,Sports,regular
311,2024-06-10,75.37,Travel,regular
311,2024-06-22,47.61,Travel,regular
311,2024-11-03,50.74,Travel,regular
311,2024-11-09,102.71,Books,regular
311,2024-11-15,106.15,Books,regular
311,2024-11-22,64.02,Books,regular
312,2024-06-05,122.56,Travel,regular
312,2024-06-25,81.31,Travel,regular
312,2024-07-03,98.47,Groceries,regular
312,2024-07-27,55.85,Groceries,regular
312,2024-07-29,93.74,Groceries,regular
312,2024-08-14,108.86,Travel,regular
312,2024-08-16,119.1,Travel,regular
312,2024-08-18,59.82,Travel,regular
312,2024-08-25,39.14,Travel,regular
312,2024-09-11,131.72,Travel,regular
313,2024-08-26,137.77,Fashion,regular
313,2024-09-06,84.66,Home,regular
313,2024-09-20,100.32,Home,regular
313,2024-09-26,85.72,Home,regular
313,2024-10-06,126.61,Beauty,regular
313,2024-10-08,59.43,Fashion,regular
313,2024-10-13,110.49,Home,regular
313,2024-10-14,116.16,Fashion,regular
313,2024-10-16,79.02,Home,regular
313,2024-10-17,120.92,Home,regular
313,2024-10-18,71.31,Home,regular
313,2024-10-22,58.55,Fashion,regular
314,2024-03-17,71.75,Books,regular
314,2024-07-24,119.27,Books,regular
314,2024-08-22,138.63,Books,regular
314,2024-09-03,26.75,Books,regular
314,2024-09-03,102.98,Books,regular
314,2024-10-09,90.32,Books,regular
314,2024-10-18,104.74,Books,regular
314,2024-10-23,41.84,Books,regular
314,2024-10-25,52.47,Books,regular
315,2024-03-23,104.43,Electronics,regular
315,2024-09-05,99.81,Fashion,regular
315,2024-10-11,95.43,Fashion,regular
315,2024-11-08,111.6,Sports,regular
315,2024-11-08,134.59,Sports,regular
315,2024-11-18,109.86,Fashion,regular
315,2024-11-19,11.19,Sports,regular
316,2024-07-19,16.44,Fashion,regular
316,2024-08-03,67.75,Fashion,regular
316,2024-08-12,60.54,Fashion,regular
316,2024-08-16,51.58,Fashion,regular
316,2024-08-21,107.23,Fashion,regular
316,2024-08-31,55.49,Groceries,regular
316,2024-09-08,58.0,Home,regular
316,2024-09-11,105.09,Groceries,regular
316,2024-10-01,45.58,Fashion,regular
317,2024-08-03,61.19,Beauty,regular
317,2024-08-16,99.07,Beauty,regular
317,2024-09-09,67.36,Beauty,regular
317,2024-10-01,80.77,Beauty,regular
317,2024-11-04,128.59,Beauty,regular
317,2024-11-10,74.44,Beauty,regular
317,2024-11-15,145.64,Beauty,regular
317,2024-11-21,107.2,Beauty,regular
317,2024-11-22,57.06,Beauty,regular
317,2024-11-22,70.71,Beauty,regular
317,2024-11-23,47.12,Beauty,regular
317,2024-11-27,104.12,Beauty,regular
318,2024-08-08,35.1,Groceries,regular
318,2024-08-08,90.71,Groceries,regular
318,2024-08-21,93.33,Fashion,regular
318,2024-09-12,72.71,Groceries,regular
318,2024-09-13,56.48,Groceries,regular
318,2024-09-15,73.33,Fashion,regular
318,2024-09-21,103.7,Fashion,regular
318,2024-09-28,46.78,Fashion,regular
318,2024-09-28,91.95,Groceries,regular
318,2024-10-04,58.97,Fashion,regular
318,2024-10-05,62.12,Groceries,regular
318,2024-10-10,117.92,Fashion,regular
318,2024-10-10,152.69,Fashion,regular
319,2024-05-27,142.22,Books,regular
319,2024-06-06,114.26,Books,regular
319,2024-06-16,55.02,Books,regular
319,2024-07-31,135.48,Books,regular
319,2024-08-22,74.73,Books,regular
319,2024-09-02,37.36,Fashion,regular
319,2024-09-05,110.21,Fashion,regular
319,2024-09-10,17.3,Books,regular
319,2024-09-15,133.21,Fashion,regular
319,2024-09-18,121.27,Fashion,regular
320,2024-04-14,51.15,Groceries,regular
320,2024-06-22,122.91,Groceries,regular
320,2024-07-07,127.95,Groceries,regular
320,2024-08-05,63.32,Groceries,regular
320,2024-08-06,90.81,Groceries,regular
320,2024-08-11,104.27,Groceries,regular
320,2024-08-13,68.63,Groceries,regular
320,2024-08-23,99.45,Groceries,regular
320,2024-08-24,89.9,Groceries,regular
320,2024-09-01,40.96,Groceries,regular
320,2024-09-12,98.77,Groceries,regular
320,2024-09-15,52.0,Groceries,regular
320,2024-09-17,113.18,Groceries,regular
321,2024-06-15,51.12,Groceries,regular
321,2024-06-25,62.6,Books,regular
321,2024-08-31,149.72,Groceries,regular
321,2024-09-05,86.1,Books,regular
321,2024-09-09,44.48,Groceries,regular
321,2024-09-19,131.51,Groceries,regular
321,2024-09-20,120.67,Books,regular
322,2024-09-06,94.81,Sports,regular
322,2024-09-25,89.64,Travel,regular
322,2024-09-26,124.7,Groceries,regular
322,2024-10-01,107.06,Groceries,regular
322,2024-10-17,36.89,Sports,regular
322,2024-10-22,109.6,Groceries,regular
322,2024-11-01,52.64,Travel,regular
322,2024-11-06,72.33,Groceries,regular
322,2024-11-09,45.03,Travel,regular
322,2024-11-16,136.57,Sports,regular
322,2024-11-16,84.31,Groceries,regular
322,2024-11-16,94.83,Groceries,regular
322,2024-11-17,83.85,Groceries,regular
322,2024-11-17,78.22,Sports,regular
322,2024-11-22,114.82,Sports,regular
323,2024-06-17,69.92,Books,regular
323,2024-06-18,47.36,Books,regular
323,2024-07-18,80.68,Books,regular
323,2024-08-12,91.84,Books,regular
323,2024-09-13,54.78,Books,regular
323,2024-09-14,79.32,Books,regular
323,2024-09-14,52.18,Books,regular
323,2024-09-17,81.14,Books,regular
323,2024-09-24,136.76,Books,regular
323,2024-10-01,90.15,Books,regular
324,2024-01-11,39.11,Beauty,regular
324,2024-08-16,88.16,Home,regular
324,2024-08-20,102.41,Books,regular
324,2024-08-26,46.97,Beauty,regular
324,2024-09-20,53.8,Beauty,regular
325,2024-06-02,38.52,Groceries,regular
325,2024-07-14,129.36,Fashion,regular
325,2024-08-12,106.61,Groceries,regular
326,2024-07-09,63.18,Groceries,regular
326,2024-07-12,123.17,Sports,regular
326,2024-07-30,116.45,Beauty,regular
326,2024-09-06,63.95,Sports,regular
326,2024-09-24,53.95,Beauty,regular
326,2024-09-29,99.37,Groceries,regular
327,2024-07-15,97.93,Books,regular
327,2024-09-18,126.46,Books,regular
327,2024-10-01,111.64,Books,regular
327,2024-10-05,72.49,Beauty,regular
327,2024-10-18,108.1,Books,regular
327,2024-11-07,161.49,Beauty,regular
327,2024-11-15,67.44,Beauty,regular
328,2024-08-24,36.67,Beauty,regular
328,2024-09-17,57.4,Sports,regular
328,2024-11-04,28.29,Beauty,regular
328,2024-11-17,61.41,Sports,regular
328,2024-11-24,104.49,Sports,regular
328,2024-11-26,74.72,Beauty,regular
328,2024-11-30,108.74,Sports,regular
328,2024-11-30,130.34,Beauty,regular
328,2024-12-02,65.26,Sports,regular
328,2024-12-02,45.67,Beauty,regular
328,2024-12-05,49.71,Beauty,regular
328,2024-12-10,66.53,Sports,regular
328,2024-12-13,80.22,Sports,regular
328,2024-12-14,115.39,Beauty,regular
329,2024-08-03,80.16,Groceries,regular
329,2024-08-15,44.77,Home,regular
329,2024-08-23,130.84,Home,regular
329,2024-09-03,132.21,Groceries,regular
329,2024-09-13,75.98,Groceries,regular
329,2024-09-17,92.16,Home,regular
329,2024-10-05,150.01,Groceries,regular
329,2024-10-09,84.59,Home,regular
329,2024-10-11,64.61,Groceries,regular
329,2024-10-13,73.81,Home,regular
329,2024-10-19,52.45,Groceries,regular
329,2024-10-24,120.73,Home,regular
329,2024-10-31,43.1,Home,regular
330,2024-05-30,79.93,Sports,regular
330,2024-08-27,142.63,Fashion,regular
330,2024-09-14,86.44,Fashion,regular
330,2024-10-23,115.6,Sports,regular
330,2024-10-24,101.04,Electronics,regular
330,2024-11-20,77.71,Sports,regular
330,2024-11-25,92.54,Fashion,regular
330,2024-11-28,81.24,Fashion,regular
330,2024-12-01,72.34,Books,regular
330,2024-12-01,101.61,Sports,regular
330,2024-12-05,118.11,Books,regular
331,2024-08-12,63.75,Sports,regular
331,2024-10-06,29.45,Sports,regular
331,2024-10-22,109.56,Sports,regular
331,2024-10-23,116.78,Sports,regular
331,2024-10-27,121.11,Home,regular
331,2024-11-09,63.47,Home,regular
331,2024-11-10,109.68,Home,regular
331,2024-11-11,165.39,Sports,regular
332,2024-08-01,45.05,Books,regular
332,2024-08-03,113.23,Sports,regular
332,2024-09-18,55.37,Books,regular
332,2024-09-20,5.0,Sports,regular
332,2024-09-28,80.42,Books,regular
332,2024-10-01,99.48,Books,regular
332,2024-10-16,83.23,Beauty,regular
332,2024-10-17,76.88,Books,regular
333,2024-08-26,97.92,Sports,regular
333,2024-09-05,87.0,Books,regular
333,2024-10-03,129.87,Books,regular
333,2024-10-12,103.07,Books,regular
333,2024-10-13,84.89,Sports,regular
333,2024-10-17,96.34,Books,regular
333,2024-11-03,73.68,Beauty,regular
333,2024-11-05,79.23,Travel,regular
333,2024-11-09,62.18,Beauty,regular
333,2024-11-12,100.04,Sports,regular
334,2024-09-02,121.68,Beauty,regular
334,2024-09-25,30.85,Beauty,regular
334,2024-10-06,103.8,Groceries,regular
334,2024-10-13,60.11,Beauty,regular
334,2024-10-15,44.68,Electronics,regular
334,2024-10-24,119.07,Sports,regular
334,2024-10-24,34.27,Groceries,regular
334,2024-10-27,75.33,Electronics,regular
334,2024-10-27,110.38,Beauty,regular
334,2024-10-28,99.09,Sports,regular
334,2024-10-30,103.59,Beauty,regular
334,2024-11-02,45.7,Groceries,regular
335,2024-08-29,88.2,Groceries,regular
335,2024-09-02,66.66,Groceries,regular
335,2024-09-15,107.33,Groceries,regular
335,2024-09-21,82.8,Groceries,regular
335,2024-09-29,135.61,Groceries,regular
335,2024-10-17,99.01,Groceries,regular
335,2024-10-24,63.38,Books,regular
335,2024-10-25,108.61,Groceries,regular
335,2024-10-26,121.43,Groceries,regular
335,2024-10-27,123.0,Books,regular
335,2024-11-10,63.18,Books,regular
336,2024-07-19,58.19,Sports,regular
336,2024-09-03,69.1,Travel,regular
336,2024-09-27,87.91,Sports,regular
336,2024-10-07,55.05,Travel,regular
336,2024-10-11,122.59,Home,regular
336,2024-10-21,78.46,Sports,regular
336,2024-10-22,77.98,Electronics,regular
336,2024-10-23,87.79,Home,regular
336,2024-10-26,112.53,Travel,regular
336,2024-10-31,99.39,Sports,regular
336,2024-11-01,101.19,Travel,regular
337,2024-08-06,93.42,Home,regular
337,2024-09-08,82.14,Home,regular
337,2024-09-13,103.04,Sports,regular
337,2024-09-14,150.92,Home,regular
337,2024-09-25,121.06,Sports,regular
337,2024-09-27,100.12,Travel,regular
337,2024-10-04,108.02,Sports,regular
337,2024-10-11,136.23,Travel,regular
337,2024-10-13,112.5,Home,regular
338,2024-07-19,31.08,Groceries,regular
338,2024-08-12,29.11,Groceries,regular
338,2024-09-09,68.96,Groceries,regular
338,2024-09-12,25.97,Home,regular
338,2024-10-15,51.6,Groceries,regular
338,2024-10-21,67.35,Home,regular
338,2024-11-06,112.24,Home,regular
339,2024-07-13,96.13,Books,regular
339,2024-08-07,77.8,Beauty,regular
339,2024-08-27,85.33,Electronics,regular
339,2024-09-17,115.1,Books,regular
339,2024-10-04,122.97,Beauty,regular
339,2024-10-05,102.21,Sports,regular
339,2024-10-14,79.55,Electronics,regular
339,2024-10-15,61.58,Books,regular
339,2024-10-21,70.35,Electronics,regular
339,2024-10-31,126.19,Beauty,regular
339,2024-11-02,52.41,Electronics,regular
339,2024-11-04,68.19,Electronics,regular
339,2024-11-05,79.74,Sports,regular
340,2024-09-06,98.98,Sports,regular
340,2024-10-09,15.86,Beauty,regular
340,2024-10-18,72.56,Electronics,regular
340,2024-10-18,77.96,Electronics,regular
340,2024-10-29,44.11,Sports,regular
340,2024-11-12,104.01,Electronics,regular
340,2024-11-18,82.59,Beauty,regular
340,2024-11-20,102.73,Sports,regular
340,2024-11-24,125.28,Electronics,regular
340,2024-11-25,78.25,Sports,regular
340,2024-11-28,66.18,Electronics,regular
341,2024-10-09,91.03,Beauty,regular
341,2024-10-10,112.83,Sports,regular
341,2024-10-18,66.09,Sports,regular
341,2024-10-21,47.49,Beauty,regular
341,2024-10-21,106.88,Sports,regular
341,2024-10-28,93.47,Sports,regular
341,2024-11-01,63.27,Sports,regular
341,2024-11-09,97.47,Beauty,regular
341,2024-11-13,81.02,Sports,regular
341,2024-11-13,53.45,Sports,regular
342,2024-07-17,106.49,Beauty,regular
342,2024-08-10,94.86,Beauty,regular
342,2024-08-17,113.56,Beauty,regular
342,2024-09-02,81.33,Beauty,regular
342,2024-09-18,79.56,Beauty,regular
342,2024-09-23,117.33,Beauty,regular
342,2024-10-05,104.01,Beauty,regular
343,2024-08-05,91.99,Sports,regular
343,2024-08-30,58.25,Sports,regular
343,2024-09-01,47.0,Beauty,regular
343,2024-09-11,120.02,Fashion,regular
343,2024-09-13,26.09,Fashion,regular
343,2024-10-07,64.83,Sports,regular
343,2024-10-08,123.19,Beauty,regular
343,2024-10-10,83.11,Fashion,regular
343,2024-10-18,93.74,Fashion,regular
344,2024-08-14,85.89,Travel,regular
344,2024-09-25,79.42,Travel,regular
344,2024-09-27,61.44,Travel,regular
344,2024-10-30,59.86,Fashion,regular
344,2024-11-02,96.43,Travel,regular
344,2024-11-04,95.95,Travel,regular
344,2024-11-04,89.86,Travel,regular
344,2024-11-04,124.26,Travel,regular
344,2024-11-07,148.31,Travel,regular
344,2024-11-09,66.26,Fashion,regular
344,2024-11-09,89.46,Travel,regular
344,2024-11-14,111.31,Travel,regular
344,2024-11-15,85.58,Travel,regular
344,2024-11-18,73.99,Travel,regular
344,2024-11-21,34.34,Fashion,regular
344,2024-11-21,66.71,Fashion,regular
344,2024-11-21,81.45,Travel,regular
345,2024-11-02,70.34,Travel,regular
345,2024-11-11,62.35,Travel,regular
345,2024-11-14,95.11,Travel,regular
345,2024-11-18,69.68,Groceries,regular
345,2024-11-20,105.4,Travel,regular
345,2024-11-24,113.73,Travel,regular
345,2024-11-24,106.27,Groceries,regular
345,2024-11-27,28.35,Travel,regular
345,2024-11-28,66.82,Travel,regular
345,2024-11-28,80.29,Travel,regular
345,2024-12-03,77.42,Groceries,regular
345,2024-12-04,88.33,Travel,regular
345,2024-12-05,107.0,Groceries,regular
345,2024-12-05,81.96,Groceries,regular
346,2024-06-06,100.15,Fashion,regular
346,2024-07-12,120.36,Fashion,regular
346,2024-07-26,138.2,Fashion,regular
346,2024-08-05,85.34,Fashion,regular
346,2024-08-29,85.95,Fashion,regular
346,2024-09-01,69.5,Fashion,regular
347,2024-02-27,56.04,Books,regular
347,2024-06-21,66.48,Travel,regular
347,2024-08-25,75.78,Books,regular
347,2024-08-27,23.61,Travel,regular
347,2024-09-12,81.99,Travel,regular
348,2024-07-28,53.98,Groceries,regular
348,2024-09-06,80.89,Beauty,regular
348,2024-09-09,60.52,Groceries,regular
348,2024-10-24,108.54,Groceries,regular
348,2024-10-25,80.23,Beauty,regular
348,2024-11-01,116.58,Groceries,regular
348,2024-11-14,58.72,Groceries,regular
348,2024-11-24,60.97,Beauty,regular
348,2024-11-26,75.45,Beauty,regular
349,2024-10-17,71.65,Electronics,regular
349,2024-10-20,45.71,Home,regular
349,2024-11-04,110.58,Electronics,regular
349,2024-11-06,53.38,Sports,regular
349,2024-11-23,41.02,Electronics,regular
349,2024-11-27,141.68,Home,regular
349,2024-11-27,128.15,Electronics,regular
349,2024-11-29,95.03,Sports,regular
349,2024-11-30,109.57,Home,regular
349,2024-12-03,108.69,Electronics,regular
350,2024-11-15,96.27,Beauty,regular
350,2024-11-21,94.72,Fashion,regular
350,2024-12-02,84.92,Fashion,regular
350,2024-12-09,67.15,Sports,regular
350,2024-12-10,106.56,Beauty,regular
350,2024-12-15,77.7,Sports,regular
350,2024-12-16,91.19,Fashion,regular
350,2024-12-16,5.67,Fashion,regular
350,2024-12-17,58.18,Fashion,regular
350,2024-12-18,78.42,Fashion,regular
350,2024-12-22,82.0,Fashion,regular
350,2024-12-22,137.69,Beauty,regular
350,2024-12-26,131.39,Fashion,regular
351,2024-07-23,87.56,Beauty,regular
351,2024-09-15,108.62,Travel,regular
351,2024-10-03,129.08,Sports,regular
351,2024-10-05,105.31,Sports,regular
351,2024-10-10,54.04,Travel,regular
351,2024-10-20,57.09,Beauty,regular
351,2024-10-23,24.89,Sports,regular
351,2024-10-25,152.24,Beauty,regular
351,2024-11-04,81.82,Travel,regular
351,2024-11-04,56.15,Sports,regular
351,2024-11-04,98.04,Sports,regular
351,2024-11-06,39.36,Beauty,regular
351,2024-11-06,62.85,Sports,regular
351,2024-11-07,24.98,Sports,regular
351,2024-11-11,80.44,Beauty,regular
352,2024-04-16,67.39,Beauty,regular
352,2024-07-27,97.81,Sports,regular
352,2024-08-03,67.3,Beauty,regular
352,2024-09-04,103.17,Books,regular
352,2024-09-15,59.54,Sports,regular
352,2024-09-24,71.7,Beauty,regular
352,2024-09-25,126.03,Books,regular
353,2024-07-12,69.7,Groceries,regular
353,2024-08-12,57.27,Groceries,regular
353,2024-08-15,96.06,Groceries,regular
353,2024-08-16,57.89,Groceries,regular
353,2024-08-17,119.27,Groceries,regular
353,2024-08-19,51.24,Groceries,regular
353,2024-08-21,85.42,Groceries,regular
353,2024-08-23,73.27,Groceries,regular
353,2024-08-24,90.65,Groceries,regular
353,2024-08-24,93.67,Groceries,regular
353,2024-08-24,132.56,Groceries,regular
353,2024-09-01,105.7,Groceries,regular
353,2024-09-02,72.38,Groceries,regular
353,2024-09-04,103.39,Groceries,regular
354,2024-07-05,80.11,Groceries,regular
354,2024-08-08,65.99,Books,regular
354,2024-10-13,102.48,Groceries,regular
354,2024-10-14,45.03,Groceries,regular
354,2024-10-15,59.58,Electronics,regular
354,2024-10-20,128.95,Books,regular
354,2024-10-21,75.78,Electronics,regular
354,2024-10-25,65.46,Books,regular
354,2024-10-25,109.55,Groceries,regular
354,2024-10-31,76.18,Electronics,regular
354,2024-11-01,93.34,Beauty,regular
354,2024-11-02,52.56,Groceries,regular
355,2024-07-08,32.93,Travel,regular
355,2024-08-10,88.59,Travel,regular
355,2024-08-10,88.02,Travel,regular
356,2024-07-03,53.74,Travel,regular
356,2024-07-09,37.62,Travel,regular
356,2024-09-09,135.58,Electronics,regular
356,2024-09-20,91.89,Groceries,regular
356,2024-10-05,45.45,Electronics,regular
356,2024-10-05,151.92,Electronics,regular
356,2024-10-11,89.09,Groceries,regular
356,2024-11-06,127.41,Groceries,regular
357,2024-06-15,62.52,Fashion,regular
357,2024-08-24,46.43,Home,regular
357,2024-09-10,88.38,Travel,regular
357,2024-09-20,86.4,Home,regular
357,2024-09-27,114.05,Home,regular
357,2024-09-29,148.57,Sports,regular
357,2024-10-11,105.23,Sports,regular
357,2024-10-12,130.49,Home,regular
357,2024-10-15,90.05,Fashion,regular
357,2024-10-17,92.09,Home,regular
357,2024-10-20,57.17,Sports,regular
357,2024-10-20,90.78,Fashion,regular
357,2024-10-31,85.27,Sports,regular
358,2024-08-16,96.68,Electronics,regular
358,2024-08-22,70.51,Electronics,regular
358,2024-09-06,83.6,Groceries,regular
358,2024-09-09,61.01,Electronics,regular
358,2024-09-11,43.04,Groceries,regular
358,2024-09-12,127.2,Electronics,regular
358,2024-09-15,73.5,Groceries,regular
358,2024-09-16,84.88,Groceries,regular
358,2024-09-27,69.66,Groceries,regular
358,2024-10-05,104.27,Home,regular
358,2024-10-10,120.77,Electronics,regular
358,2024-10-16,97.25,Home,regular
358,2024-10-19,65.67,Electronics,regular
358,2024-10-22,60.49,Home,regular
358,2024-10-26,71.08,Groceries,regular
359,2024-10-06,72.28,Home,regular
359,2024-10-10,67.88,Travel,regular
359,2024-10-18,5.0,Travel,regular
359,2024-10-26,69.31,Travel,regular
359,2024-11-06,92.96,Fashion,regular
359,2024-11-16,77.91,Groceries,regular
359,2024-11-18,107.89,Home,regular
359,2024-11-19,118.19,Fashion,regular
359,2024-11-21,100.8,Groceries,regular
359,2024-11-23,118.09,Groceries,regular
359,2024-11-23,115.35,Home,regular
359,2024-11-25,92.36,Sports,regular
359,2024-11-25,86.74,Sports,regular
359,2024-11-25,30.57,Fashion,regular
359,2024-11-26,64.98,Home,regular
360,2024-06-18,72.1,Electronics,regular
360,2024-06-28,127.84,Electronics,regular
360,2024-07-14,104.02,Sports,regular
360,2024-07-16,97.22,Sports,regular
360,2024-08-01,56.89,Electronics,regular
360,2024-08-05,45.12,Groceries,regular
360,2024-08-20,50.61,Sports,regular
360,2024-08-21,61.81,Sports,regular
360,2024-08-31,76.06,Sports,regular
360,2024-09-01,103.55,Sports,regular
360,2024-09-02,99.95,Electronics,regular
361,2024-09-26,72.48,Home,regular
361,2024-09-27,114.73,Sports,regular
361,2024-09-28,75.43,Home,regular
361,2024-10-03,57.56,Home,regular
361,2024-10-11,103.57,Sports,regular
361,2024-10-12,33.78,Travel,regular
361,2024-10-13,74.71,Fashion,regular
361,2024-10-14,61.82,Travel,regular
361,2024-10-18,57.26,Home,regular
361,2024-10-19,93.17,Home,regular
361,2024-10-24,118.53,Home,regular
361,2024-10-30,100.06,Home,regular
362,2024-04-14,109.74,Fashion,regular
362,2024-07-31,146.43,Fashion,regular
362,2024-09-02,95.95,Beauty,regular
362,2024-10-22,85.41,Beauty,regular
362,2024-11-05,88.18,Books,regular
362,2024-11-17,69.7,Beauty,regular
363,2024-06-28,112.99,Fashion,regular
363,2024-09-04,139.89,Fashion,regular
363,2024-09-09,99.23,Fashion,regular
363,2024-09-13,56.89,Fashion,regular
363,2024-09-19,82.86,Travel,regular
363,2024-10-06,96.05,Fashion,regular
363,2024-10-11,83.55,Fashion,regular
363,2024-10-13,71.34,Fashion,regular
364,2024-06-30,99.28,Travel,regular
364,2024-07-24,127.09,Books,regular
364,2024-08-01,74.67,Electronics,regular
364,2024-09-15,123.63,Electronics,regular
364,2024-10-20,27.33,Electronics,regular
364,2024-10-26,88.97,Books,regular
364,2024-10-27,68.78,Books,regular
364,2024-11-15,99.46,Electronics,regular
365,2024-02-13,56.35,Groceries,regular
365,2024-05-30,83.31,Groceries,regular
365,2024-06-19,73.23,Beauty,regular
365,2024-06-27,83.93,Beauty,regular
365,2024-07-19,105.95,Groceries,regular
365,2024-07-21,107.49,Beauty,regular
365,2024-07-24,70.79,Groceries,regular
365,2024-07-25,56.25,Groceries,regular
365,2024-07-29,63.95,Beauty,regular
365,2024-08-09,117.97,Groceries,regular
365,2024-08-09,42.46,Beauty,regular
365,2024-08-18,105.36,Beauty,regular
366,2024-05-17,125.62,Electronics,regular
366,2024-06-01,106.68,Home,regular
366,2024-06-13,90.66,Electronics,regular
366,2024-06-22,103.32,Groceries,regular
366,2024-07-25,5.0,Groceries,regular
366,2024-08-21,87.79,Electronics,regular
366,2024-08-25,105.27,Groceries,regular
366,2024-09-04,122.37,Groceries,regular
366,2024-09-04,67.47,Home,regular
366,2024-09-05,81.25,Electronics,regular
367,2024-09-03,98.15,Electronics,regular
367,2024-09-09,93.69,Home,regular
367,2024-09-13,121.91,Home,regular
367,2024-09-16,96.92,Home,regular
367,2024-09-18,61.42,Home,regular
367,2024-10-30,119.05,Electronics,regular
367,2024-11-03,58.63,Home,regular
367,2024-11-04,63.6,Home,regular
368,2023-07-23,90.49,Sports,regular
369,2024-08-13,81.19,Sports,regular
369,2024-09-16,78.89,Beauty,regular
369,2024-09-19,61.36,Sports,regular
369,2024-10-28,127.67,Sports,regular
369,2024-10-31,57.44,Sports,regular
369,2024-11-24,96.35,Beauty,regular
370,2024-04-11,95.48,Travel,regular
370,2024-06-23,76.87,Electronics,regular
370,2024-07-14,75.3,Books,regular
370,2024-07-27,107.19,Electronics,regular
370,2024-08-10,77.99,Travel,regular
370,2024-08-20,73.78,Books,regular
370,2024-08-28,138.54,Travel,regular
370,2024-09-13,108.99,Books,regular
370,2024-09-17,134.37,Travel,regular
370,2024-09-21,36.02,Travel,regular
371,2024-07-14,66.44,Groceries,regular
371,2024-08-02,29.74,Home,regular
371,2024-08-26,37.41,Travel,regular
371,2024-09-03,130.24,Home,regular
371,2024-09-14,100.34,Travel,regular
371,2024-10-05,120.76,Travel,regular
371,2024-10-13,125.01,Travel,regular
371,2024-11-04,37.47,Groceries,regular
371,2024-11-06,127.73,Travel,regular
372,2024-03-12,105.43,Beauty,regular
372,2024-07-18,135.58,Fashion,regular
372,2024-08-01,157.35,Fashion,regular
372,2024-08-12,53.0,Groceries,regular
372,2024-10-10,92.09,Fashion,regular
372,2024-10-10,129.26,Sports,regular
373,2024-09-07,91.87,Sports,regular
373,2024-09-20,97.72,Groceries,regular
373,2024-10-10,102.15,Travel,regular
373,2024-10-23,126.64,Home,regular
373,2024-10-27,101.72,Travel,regular
374,2024-06-23,56.95,Home,regular
374,2024-06-29,117.57,Home,regular
374,2024-07-02,127.76,Sports,regular
374,2024-08-07,60.6,Sports,regular
374,2024-09-27,128.93,Sports,regular
374,2024-09-29,120.54,Sports,regular
374,2024-10-05,80.33,Sports,regular
375,2024-06-08,78.13,Fashion,regular
375,2024-07-25,97.76,Home,regular
375,2024-08-08,88.58,Fashion,regular
375,2024-08-26,84.28,Groceries,regular
375,2024-09-06,128.51,Groceries,regular
375,2024-09-07,51.34,Groceries,regular
375,2024-09-16,98.01,Home,regular
375,2024-09-24,39.77,Groceries,regular
375,2024-10-01,107.55,Home,regular
375,2024-10-05,108.5,Fashion,regular
375,2024-10-06,146.35,Fashion,regular
375,2024-10-09,69.24,Groceries,regular
376,2024-09-28,67.5,Sports,regular
376,2024-10-17,45.44,Sports,regular
376,2024-10-19,71.37,Fashion,regular
376,2024-10-21,55.39,Fashion,regular
376,2024-10-26,73.63,Sports,regular
376,2024-10-29,105.23,Fashion,regular
376,2024-11-11,66.15,Fashion,regular
376,2024-11-13,79.06,Fashion,regular
376,2024-11-23,81.76,Sports,regular
376,2024-11-25,75.31,Sports,regular
376,2024-11-25,110.23,Fashion,regular
377,2024-08-21,57.93,Travel,regular
377,2024-09-20,109.36,Home,regular
377,2024-10-13,97.36,Home,regular
377,2024-10-16,135.32,Home,regular
377,2024-10-20,68.92,Travel,regular
377,2024-10-23,84.56,Travel,regular
378,2024-06-24,86.03,Electronics,regular
378,2024-08-18,51.08,Beauty,regular
378,2024-08-23,121.39,Travel,regular
378,2024-08-30,74.11,Electronics,regular
378,2024-09-13,52.57,Beauty,regular
378,2024-09-15,89.72,Travel,regular
378,2024-10-01,109.98,Electronics,regular
378,2024-10-02,147.97,Electronics,regular
378,2024-10-05,20.77,Electronics,regular
378,2024-10-09,98.8,Travel,regular
379,2024-10-31,67.94,Sports,regular
379,2024-11-06,61.23,Sports,regular
379,2024-11-07,59.47,Sports,regular
379,2024-11-20,49.64,Electronics,regular
379,2024-12-09,95.56,Electronics,regular
379,2024-12-10,117.39,Electronics,regular
379,2024-12-13,105.75,Sports,regular
379,2024-12-14,55.78,Sports,regular
379,2024-12-18,26.45,Sports,regular
379,2024-12-24,69.91,Electronics,regular
380,2024-03-25,92.83,Home,regular
380,2024-06-06,96.19,Fashion,regular
380,2024-07-02,90.16,Beauty,regular
380,2024-07-09,67.35,Home,regular
380,2024-09-13,48.35,Home,regular
380,2024-09-13,85.41,Home,regular
381,2024-07-07,99.29,Home,regular
381,2024-10-02,137.45,Home,regular
381,2024-10-09,113.74,Home,regular
381,2024-10-21,86.24,Home,regular
381,2024-11-04,101.65,Books,regular
381,2024-11-16,89.48,Home,regular
381,2024-11-20,132.86,Home,regular
382,2024-09-30,52.19,Travel,regular
382,2024-10-23,100.61,Groceries,regular
382,2024-10-26,84.65,Groceries,regular
382,2024-10-27,82.66,Books,regular
382,2024-11-02,88.38,Books,regular
382,2024-11-02,105.01,Books,regular
382,2024-11-13,63.08,Books,regular
382,2024-11-13,111.83,Travel,regular
382,2024-11-16,93.09,Travel,regular
382,2024-11-22,80.89,Groceries,regular
382,2024-11-25,110.62,Groceries,regular
382,2024-11-26,117.98,Travel,regular
383,2024-08-29,123.91,Books,regular
383,2024-09-05,98.09,Sports,regular
383,2024-09-07,91.54,Sports,regular
383,2024-11-17,87.96,Sports,regular
383,2024-12-02,108.69,Books,regular
383,2024-12-02,97.77,Books,regular
383,2024-12-18,101.07,Beauty,regular
383,2024-12-18,77.95,Books,regular
384,2024-02-20,98.49,Home,regular
384,2024-05-13,92.34,Home,regular
384,2024-09-16,134.07,Sports,regular
384,2024-09-28,67.74,Home,regular
384,2024-10-17,57.0,Home,regular
384,2024-10-17,115.44,Home,regular
384,2024-10-26,81.32,Home,regular
385,2024-10-09,129.3,Electronics,regular
385,2024-10-11,68.08,Travel,regular
385,2024-10-24,78.81,Groceries,regular
385,2024-10-30,102.89,Electronics,regular
385,2024-11-02,83.46,Travel,regular
385,2024-11-04,116.75,Electronics,regular
385,2024-11-10,100.89,Travel,regular
385,2024-11-14,75.97,Groceries,regular
385,2024-11-14,88.42,Electronics,regular
385,2024-11-15,25.49,Travel,regular
385,2024-11-18,69.39,Groceries,regular
385,2024-11-20,115.86,Travel,regular
385,2024-11-21,57.35,Groceries,regular
385,2024-11-21,93.34,Electronics,regular
385,2024-11-22,38.68,Groceries,regular
385,2024-11-30,90.74,Groceries,regular
386,2024-04-12,76.3,Beauty,regular
386,2024-07-19,58.6,Travel,regular
386,2024-09-06,95.02,Travel,regular
386,2024-09-21,100.29,Beauty,regular
386,2024-09-26,88.02,Beauty,regular
386,2024-10-01,150.33,Travel,regular
386,2024-10-10,59.49,Beauty,regular
386,2024-10-19,73.03,Sports,regular
386,2024-11-02,99.87,Beauty,regular
387,2024-06-26,72.62,Groceries,regular
387,2024-07-14,73.75,Sports,regular
387,2024-07-17,121.1,Sports,regular
387,2024-07-22,68.51,Sports,regular
387,2024-07-31,57.22,Sports,regular
387,2024-09-16,48.04,Books,regular
387,2024-09-20,93.32,Sports,regular
388,2024-06-30,46.47,Fashion,regular
388,2024-08-19,68.09,Fashion,regular
388,2024-09-17,132.69,Fashion,regular
388,2024-09-17,126.56,Fashion,regular
388,2024-09-30,66.41,Fashion,regular
388,2024-10-09,5.0,Fashion,regular
388,2024-10-23,78.62,Fashion,regular
389,2024-07-31,35.63,Home,regular
389,2024-08-05,83.09,Beauty,regular
389,2024-08-05,97.9,Beauty,regular
389,2024-08-06,60.89,Beauty,regular
389,2024-08-12,105.53,Beauty,regular
389,2024-09-06,104.8,Home,regular
389,2024-09-19,99.49,Home,regular
389,2024-09-20,103.96,Home,regular
389,2024-09-27,80.96,Beauty,regular
390,2024-06-08,108.4,Beauty,regular
390,2024-07-23,128.95,Home,regular
390,2024-08-07,64.17,Sports,regular
390,2024-09-10,98.05,Beauty,regular
390,2024-09-20,106.82,Beauty,regular
390,2024-10-05,23.21,Beauty,regular
390,2024-10-20,90.0,Home,regular
390,2024-10-23,144.56,Beauty,regular
390,2024-10-29,115.82,Beauty,regular
390,2024-11-04,76.3,Beauty,regular
390,2024-11-06,62.24,Home,regular
391,2024-07-14,81.17,Home,regular
391,2024-07-15,79.47,Books,regular
391,2024-08-06,105.02,Home,regular
391,2024-08-08,90.43,Home,regular
391,2024-08-31,32.85,Travel,regular
391,2024-09-02,74.25,Books,regular
391,2024-09-13,87.23,Travel,regular
391,2024-09-15,11.67,Books,regular
391,2024-09-27,52.93,Books,regular
391,2024-10-01,71.86,Home,regular
391,2024-10-10,87.24,Travel,regular
391,2024-10-16,66.19,Home,regular
391,2024-10-18,95.83,Home,regular
392,2024-06-14,103.37,Home,regular
392,2024-09-02,103.66,Home,regular
392,2024-10-10,79.41,Fashion,regular
392,2024-10-11,122.78,Sports,regular
392,2024-10-14,71.13,Sports,regular
392,2024-10-18,56.59,Sports,regular
392,2024-10-19,80.52,Sports,regular
392,2024-10-27,53.91,Home,regular
393,2024-02-24,106.77,Electronics,regular
393,2024-05-18,98.38,Beauty,regular
393,2024-05-25,120.13,Beauty,regular
393,2024-06-10,79.99,Electronics,regular
393,2024-08-04,82.11,Sports,regular
393,2024-08-12,78.67,Sports,regular
393,2024-08-13,73.99,Beauty,regular
394,2024-06-14,110.81,Beauty,regular
394,2024-06-20,71.42,Beauty,regular
394,2024-06-23,66.45,Sports,regular
394,2024-06-24,95.56,Beauty,regular
394,2024-07-08,131.06,Beauty,regular
394,2024-08-07,111.73,Sports,regular
394,2024-08-17,120.29,Beauty,regular
394,2024-08-17,124.58,Sports,regular
394,2024-09-04,97.89,Beauty,regular
395,2024-07-27,33.18,Fashion,regular
395,2024-08-26,69.95,Fashion,regular
395,2024-09-01,77.67,Fashion,regular
395,2024-09-16,77.14,Fashion,regular
395,2024-10-02,106.71,Groceries,regular
395,2024-10-02,66.16,Sports,regular
395,2024-10-11,100.87,Groceries,regular
396,2024-06-19,47.86,Home,regular
396,2024-08-19,67.76,Home,regular
396,2024-08-27,106.5,Beauty,regular
396,2024-09-03,55.66,Home,regular
396,2024-09-04,98.33,Beauty,regular
396,2024-09-04,97.89,Home,regular
396,2024-09-13,141.82,Home,regular
396,2024-09-26,80.44,Beauty,regular
396,2024-09-30,56.93,Home,regular
397,2024-08-31,97.08,Sports,regular
397,2024-09-03,65.86,Fashion,regular
397,2024-09-17,93.47,Sports,regular
397,2024-09-23,82.11,Sports,regular
397,2024-10-01,104.92,Sports,regular
397,2024-10-02,87.96,Fashion,regular
397,2024-10-23,78.99,Fashion,regular
397,2024-10-25,99.71,Fashion,regular
397,2024-11-02,85.02,Sports,regular
397,2024-11-07,94.35,Fashion,regular
397,2024-11-18,104.36,Fashion,regular
398,2024-04-20,108.34,Electronics,regular
398,2024-07-09,47.51,Electronics,regular
398,2024-08-21,111.21,Home,regular
398,2024-08-21,125.53,Home,regular
398,2024-09-27,112.4,Home,regular
398,2024-09-29,80.88,Electronics,regular
398,2024-10-03,88.53,Beauty,regular
398,2024-10-08,122.11,Beauty,regular
398,2024-10-18,124.37,Electronics,regular
399,2024-07-23,87.75,Beauty,regular
399,2024-09-07,75.1,Beauty,regular
399,2024-09-07,131.65,Beauty,regular
399,2024-09-14,112.74,Beauty,regular
399,2024-09-16,119.43,Beauty,regular
399,2024-09-17,109.6,Beauty,regular
399,2024-09-23,113.39,Beauty,regular
399,2024-09-24,64.36,Beauty,regular
399,2024-09-24,79.04,Beauty,regular
400,2024-07-16,103.85,Groceries,regular
400,2024-07-19,65.77,Books,regular
400,2024-10-13,83.84,Groceries,regular
400,2024-10-21,47.54,Groceries,regular
400,2024-11-11,66.41,Groceries,regular
400,2024-11-25,105.96,Groceries,regular
400,2024-12-02,69.78,Books,regular
401,2024-08-17,106.2,Books,regular
401,2024-08-30,10.57,Books,regular
401,2024-10-07,51.01,Books,regular
401,2024-10-08,101.36,Books,regular
401,2024-10-09,90.4,Books,regular
401,2024-10-13,85.64,Books,regular
401,2024-10-19,120.42,Books,regular
401,2024-10-19,63.15,Books,regular
401,2024-10-20,105.46,Books,regular
401,2024-10-22,60.79,Books,regular
401,2024-10-23,93.32,Books,regular
401,2024-10-24,89.61,Books,regular
402,2024-06-15,68.96,Travel,regular
402,2024-07-19,129.44,Travel,regular
402,2024-08-30,27.6,Electronics,regular
402,2024-09-27,99.71,Travel,regular
402,2024-10-02,85.03,Electronics,regular
402,2024-10-02,135.55,Electronics,regular
402,2024-10-03,100.94,Electronics,regular
402,2024-10-07,113.92,Electronics,regular
402,2024-10-08,101.39,Electronics,regular
402,2024-10-13,94.06,Electronics,regular
403,2024-06-13,108.02,Sports,regular
403,2024-08-10,78.61,Sports,regular
403,2024-08-25,77.31,Sports,regular
403,2024-10-10,103.31,Sports,regular
403,2024-10-16,75.12,Sports,regular
403,2024-11-02,139.55,Sports,regular
403,2024-12-12,90.77,Sports,regular
404,2024-06-23,64.41,Books,regular
404,2024-08-14,98.55,Sports,regular
404,2024-09-11,93.0,Books,regular
404,2024-09-16,45.09,Sports,regular
404,2024-10-08,79.47,Books,regular
404,2024-10-11,64.99,Sports,regular
404,2024-10-12,86.0,Sports,regular
404,2024-10-17,123.09,Sports,regular
404,2024-10-20,90.01,Books,regular
405,2024-08-03,94.34,Home,regular
405,2024-10-10,64.86,Travel,regular
405,2024-11-10,86.2,Home,regular
405,2024-11-24,65.89,Travel,regular
405,2024-12-08,96.04,Books,regular
405,2024-12-08,125.17,Home,regular
405,2024-12-15,78.49,Travel,regular
405,2024-12-16,47.65,Fashion,regular
405,2024-12-21,48.57,Travel,regular
405,2024-12-22,18.04,Books,regular
406,2024-09-21,91.23,Electronics,regular
406,2024-10-19,99.57,Electronics,regular
406,2024-10-24,89.17,Sports,regular
406,2024-10-29,96.61,Beauty,regular
406,2024-11-14,88.78,Beauty,regular
406,2024-11-26,100.2,Sports,regular
407,2024-08-23,141.38,Groceries,regular
407,2024-08-24,92.9,Groceries,regular
407,2024-09-12,84.91,Groceries,regular
407,2024-09-25,68.68,Sports,regular
407,2024-10-03,43.09,Fashion,regular
407,2024-10-05,88.39,Sports,regular
407,2024-10-11,108.84,Fashion,regular
407,2024-10-13,37.47,Fashion,regular
408,2023-06-14,99.78,Fashion,regular
408,2024-05-07,98.58,Fashion,regular
408,2024-07-12,84.77,Fashion,regular
408,2024-07-15,49.01,Fashion,regular
409,2024-06-07,71.62,Books,regular
409,2024-06-22,84.77,Books,regular
409,2024-07-09,89.87,Books,regular
409,2024-08-08,74.8,Books,regular
409,2024-08-15,82.75,Travel,regular
409,2024-08-22,61.28,Travel,regular
409,2024-09-04,87.57,Travel,regular
409,2024-09-13,110.7,Travel,regular
409,2024-09-25,90.82,Travel,regular
409,2024-09-25,85.31,Books,regular
409,2024-09-30,99.63,Books,regular
409,2024-09-30,68.47,Travel,regular
410,2024-07-01,82.18,Sports,regular
410,2024-08-25,83.84,Electronics,regular
410,2024-09-12,113.89,Travel,regular
410,2024-09-20,115.91,Travel,regular
410,2024-09-21,105.32,Electronics,regular
410,2024-09-24,61.61,Travel,regular
410,2024-10-01,79.3,Sports,regular
410,2024-10-02,86.04,Travel,regular
410,2024-10-04,117.46,Travel,regular
410,2024-10-18,89.02,Electronics,regular
410,2024-10-19,53.84,Electronics,regular
410,2024-10-20,120.13,Sports,regular
410,2024-10-21,86.93,Electronics,regular
410,2024-10-27,87.45,Travel,regular
410,2024-10-27,105.22,Travel,regular
410,2024-10-27,106.49,Sports,regular
410,2024-10-27,40.3,Travel,regular
410,2024-10-28,96.19,Electronics,regular
411,2024-07-04,28.13,Books,regular
411,2024-08-22,87.17,Books,regular
411,2024-09-06,108.84,Books,regular
411,2024-09-09,5.0,Books,regular
411,2024-09-15,71.58,Books,regular
411,2024-09-19,84.32,Books,regular
411,2024-09-24,79.11,Books,regular
411,2024-09-29,128.71,Books,regular
411,2024-10-05,51.28,Books,regular
412,2024-07-19,67.59,Sports,regular
412,2024-09-02,84.48,Sports,regular
412,2024-09-29,114.35,Sports,regular
412,2024-10-15,118.87,Sports,regular
412,2024-10-24,69.27,Sports,regular
412,2024-10-27,77.3,Sports,regular
412,2024-11-04,87.9,Sports,regular
412,2024-11-06,125.27,Sports,regular
413,2024-06-21,37.86,Travel,regular
413,2024-07-06,35.63,Electronics,regular
413,2024-08-15,46.51,Electronics,regular
413,2024-09-03,51.1,Electronics,regular
413,2024-09-30,106.6,Travel,regular
413,2024-10-10,72.77,Electronics,regular
414,2024-02-25,58.46,Beauty,regular
414,2024-08-01,144.55,Beauty,regular
414,2024-08-27,55.54,Sports,regular
414,2024-09-19,90.13,Beauty,regular
414,2024-09-23,89.01,Sports,regular
414,2024-09-23,96.66,Beauty,regular
414,2024-09-25,137.39,Beauty,regular
414,2024-10-02,119.72,Sports,regular
414,2024-10-07,119.48,Beauty,regular
414,2024-10-13,106.75,Sports,regular
414,2024-10-15,94.11,Beauty,regular
415,2024-04-23,108.43,Fashion,regular
415,2024-06-09,85.53,Fashion,regular
415,2024-09-21,65.54,Fashion,regular
415,2024-10-07,134.55,Fashion,regular
416,2024-02-23,107.19,Fashion,regular
416,2024-08-27,82.16,Electronics,regular
416,2024-08-29,71.98,Fashion,regular
416,2024-09-26,90.87,Electronics,regular
416,2024-10-15,48.23,Electronics,regular
416,2024-10-17,44.93,Fashion,regular
416,2024-10-31,75.55,Fashion,regular
416,2024-11-14,74.38,Fashion,regular
416,2024-11-22,76.67,Fashion,regular
417,2024-08-09,131.18,Books,regular
417,2024-08-26,98.11,Books,regular
417,2024-09-07,76.73,Books,regular
417,2024-09-09,76.52,Groceries,regular
417,2024-09-11,76.22,Groceries,regular
417,2024-09-24,25.33,Groceries,regular
417,2024-09-27,134.65,Books,regular
417,2024-09-29,69.86,Groceries,regular
417,2024-10-06,140.14,Books,regular
417,2024-10-12,97.66,Groceries,regular
417,2024-10-17,108.46,Groceries,regular
417,2024-10-17,76.63,Books,regular
418,2024-09-17,52.15,Electronics,regular
418,2024-10-14,117.5,Home,regular
418,2024-11-04,124.69,Electronics,regular
418,2024-11-11,7.54,Home,regular
418,2024-11-13,91.44,Books,regular
418,2024-11-14,75.45,Books,regular
418,2024-11-14,77.02,Home,regular
418,2024-11-16,62.88,Books,regular
418,2024-11-22,61.4,Fashion,regular
418,2024-11-25,38.66,Home,regular
418,2024-11-26,171.22,Electronics,regular
418,2024-11-27,93.96,Books,regular
419,2024-07-11,103.04,Electronics,regular
419,2024-07-23,50.83,Travel,regular
419,2024-07-29,55.43,Electronics,regular
419,2024-08-06,48.21,Travel,regular
419,2024-08-15,81.89,Travel,regular
419,2024-08-17,77.54,Electronics,regular
419,2024-08-22,99.9,Travel,regular
419,2024-08-27,112.27,Travel,regular
419,2024-08-27,116.19,Travel,regular
419,2024-08-28,70.05,Electronics,regular
419,2024-09-01,80.47,Electronics,regular
419,2024-09-02,100.98,Travel,regular
419,2024-09-08,87.62,Electronics,regular
420,2024-09-03,58.48,Electronics,regular
420,2024-09-10,78.39,Travel,regular
420,2024-09-10,90.81,Travel,regular
420,2024-09-13,41.8,Books,regular
420,2024-09-15,5.0,Electronics,regular
420,2024-09-19,76.32,Travel,regular
420,2024-09-30,63.51,Books,regular
420,2024-10-02,96.53,Books,regular
420,2024-10-05,106.49,Electronics,regular
421,2024-07-08,88.23,Home,regular
421,2024-08-12,66.74,Fashion,regular
421,2024-08-15,43.71,Home,regular
421,2024-09-11,73.18,Home,regular
421,2024-09-11,44.65,Home,regular
421,2024-09-12,117.49,Home,regular
421,2024-09-12,54.98,Home,regular
421,2024-09-17,48.9,Fashion,regular
421,2024-09-24,59.69,Fashion,regular
421,2024-09-29,78.32,Home,regular
421,2024-10-01,111.26,Home,regular
421,2024-10-02,75.69,Home,regular
421,2024-10-02,90.39,Fashion,regular
422,2024-08-13,49.68,Sports,regular
422,2024-09-01,98.89,Beauty,regular
422,2024-09-04,86.77,Sports,regular
422,2024-09-09,81.89,Travel,regular
422,2024-09-12,94.96,Home,regular
422,2024-09-13,38.65,Beauty,regular
422,2024-09-15,88.12,Sports,regular
422,2024-09-18,122.36,Beauty,regular
422,2024-09-19,67.76,Sports,regular
422,2024-09-23,138.84,Home,regular
422,2024-09-29,61.37,Travel,regular
422,2024-10-02,96.15,Home,regular
422,2024-10-02,63.17,Sports,regular
422,2024-10-03,45.71,Home,regular
422,2024-10-03,84.92,Sports,regular
423,2024-06-08,134.77,Travel,regular
423,2024-07-16,44.89,Travel,regular
423,2024-07-29,67.8,Travel,regular
423,2024-08-12,119.1,Travel,regular
423,2024-09-02,129.56,Travel,regular
423,2024-09-19,80.86,Travel,regular
423,2024-09-22,64.02,Travel,regular
423,2024-09-22,64.63,Travel,regular
423,2024-09-30,41.97,Travel,regular
424,2024-08-24,41.1,Sports,regular
424,2024-08-26,19.13,Sports,regular
424,2024-09-07,50.53,Sports,regular
424,2024-09-15,98.06,Electronics,regular
424,2024-09-21,104.43,Electronics,regular
424,2024-09-27,84.38,Sports,regular
424,2024-09-28,109.21,Sports,regular
424,2024-09-28,85.1,Sports,regular
424,2024-09-29,68.99,Electronics,regular
424,2024-10-06,112.77,Sports,regular
424,2024-10-09,74.89,Electronics,regular
424,2024-10-13,88.56,Sports,regular
424,2024-10-15,78.27,Electronics,regular
424,2024-10-16,79.37,Sports,regular
424,2024-10-16,105.96,Sports,regular
424,2024-10-16,39.96,Sports,regular
425,2024-08-06,97.41,Travel,regular
425,2024-08-15,67.76,Beauty,regular
425,2024-08-22,80.62,Travel,regular
425,2024-09-11,132.95,Beauty,regular
425,2024-09-27,34.94,Travel,regular
425,2024-10-08,121.28,Travel,regular
425,2024-10-09,73.93,Travel,regular
425,2024-10-09,74.24,Beauty,regular
425,2024-10-14,66.82,Travel,regular
425,2024-10-19,93.88,Beauty,regular
425,2024-10-20,104.32,Beauty,regular
426,2024-08-25,93.82,Electronics,regular
426,2024-10-20,86.53,Books,regular
426,2024-11-04,98.83,Electronics,regular
426,2024-11-09,42.8,Books,regular
426,2024-11-23,54.96,Books,regular
426,2024-11-29,50.47,Electronics,regular
426,2024-12-05,95.88,Books,regular
426,2024-12-05,80.61,Electronics,regular
426,2024-12-09,76.84,Fashion,regular
426,2024-12-09,134.18,Books,regular
426,2024-12-10,91.65,Fashion,regular
426,2024-12-10,107.11,Books,regular
426,2024-12-11,76.03,Fashion,regular
426,2024-12-13,130.29,Books,regular
426,2024-12-20,98.02,Books,regular
426,2024-12-21,113.16,Fashion,regular
426,2024-12-22,84.48,Electronics,regular
427,2024-09-16,100.84,Electronics,regular
427,2024-09-18,51.08,Electronics,regular
427,2024-10-02,46.31,Electronics,regular
427,2024-10-04,41.9,Groceries,regular
427,2024-10-05,101.53,Electronics,regular
427,2024-10-16,50.36,Groceries,regular
427,2024-10-25,49.03,Electronics,regular
427,2024-11-04,15.51,Groceries,regular
427,2024-11-10,103.69,Electronics,regular
428,2024-01-05,114.54,Groceries,regular
428,2024-07-30,87.23,Groceries,regular
428,2024-09-03,42.83,Books,regular
428,2024-09-12,31.09,Groceries,regular
428,2024-09-12,137.41,Books,regular
428,2024-09-24,64.1,Books,regular
428,2024-09-26,141.94,Groceries,regular
428,2024-09-29,109.78,Groceries,regular
428,2024-10-04,107.29,Groceries,regular
428,2024-10-05,33.63,Groceries,regular
429,2024-09-03,74.83,Electronics,regular
429,2024-09-06,23.41,Electronics,regular
429,2024-09-15,114.46,Electronics,regular
429,2024-10-11,25.22,Electronics,regular
429,2024-10-11,70.97,Books,regular
429,2024-10-15,88.51,Books,regular
429,2024-10-16,102.81,Electronics,regular
429,2024-10-25,121.98,Electronics,regular
430,2024-07-13,67.71,Beauty,regular
430,2024-08-05,113.72,Beauty,regular
430,2024-08-20,48.27,Travel,regular
430,2024-08-25,72.87,Beauty,regular
430,2024-09-12,79.73,Groceries,regular
430,2024-09-30,63.39,Travel,regular
430,2024-10-02,68.34,Travel,regular
430,2024-10-03,115.55,Beauty,regular
430,2024-10-07,67.12,Beauty,regular
430,2024-10-08,144.27,Groceries,regular
430,2024-10-09,82.76,Groceries,regular
430,2024-10-18,115.82,Beauty,regular
430,2024-10-18,84.5,Travel,regular
430,2024-10-20,104.26,Beauty,regular
431,2024-08-08,55.97,Beauty,regular
431,2024-08-22,75.9,Home,regular
431,2024-10-24,103.85,Electronics,regular
431,2024-10-25,92.75,Books,regular
431,2024-11-03,37.29,Books,regular
431,2024-11-11,84.48,Home,regular
432,2024-07-10,42.52,Fashion,regular
432,2024-09-04,47.22,Sports,regular
432,2024-09-05,97.03,Sports,regular
432,2024-09-16,115.23,Sports,regular
432,2024-10-01,70.97,Sports,regular
432,2024-10-03,73.83,Fashion,regular
432,2024-10-15,131.96,Fashion,regular
432,2024-10-22,94.91,Fashion,regular
432,2024-10-23,114.47,Sports,regular
432,2024-10-23,57.02,Fashion,regular
432,2024-11-06,140.76,Sports,regular
432,2024-11-06,86.9,Fashion,regular
433,2024-06-27,100.25,Travel,regular
433,2024-08-01,125.31,Travel,regular
433,2024-08-16,89.85,Travel,regular
433,2024-08-28,36.52,Travel,regular
433,2024-10-31,105.55,Travel,regular
433,2024-11-01,67.22,Travel,regular
433,2024-11-12,118.62,Travel,regular
434,2024-07-01,91.93,Groceries,regular
434,2024-07-17,57.31,Sports,regular
434,2024-08-14,24.91,Beauty,regular
434,2024-08-22,72.5,Sports,regular
434,2024-10-06,95.53,Fashion,regular
434,2024-10-11,121.35,Fashion,regular
434,2024-10-12,64.19,Groceries,regular
434,2024-11-10,111.38,Sports,regular
435,2024-09-10,64.34,Home,regular
435,2024-09-15,52.69,Groceries,regular
435,2024-09-23,57.26,Home,regular
435,2024-09-29,94.08,Home,regular
435,2024-10-02,85.38,Home,regular
435,2024-10-09,92.53,Groceries,regular
435,2024-10-16,109.69,Home,regular
435,2024-10-31,84.25,Groceries,regular
435,2024-11-06,91.93,Home,regular
435,2024-11-11,62.63,Groceries,regular
435,2024-11-13,119.66,Groceries,regular
435,2024-11-17,55.29,Groceries,regular
436,2024-07-20,64.83,Books,regular
436,2024-08-24,122.67,Travel,regular
436,2024-09-08,122.1,Books,regular
436,2024-09-12,63.27,Travel,regular
436,2024-09-14,99.24,Travel,regular
436,2024-10-07,86.55,Travel,regular
436,2024-10-09,71.13,Books,regular
436,2024-10-11,33.36,Books,regular
436,2024-10-15,90.69,Books,regular
437,2024-08-22,81.33,Beauty,regular
437,2024-09-12,92.2,Beauty,regular
437,2024-09-17,74.42,Books,regular
437,2024-09-28,59.5,Books,regular
437,2024-10-15,67.55,Books,regular
437,2024-10-15,24.84,Books,regular
437,2024-10-24,72.52,Beauty,regular
437,2024-10-26,90.23,Books,regular
437,2024-11-01,61.96,Beauty,regular
437,2024-11-02,76.93,Books,regular
437,2024-11-04,61.82,Books,regular
437,2024-11-06,68.06,Beauty,regular
437,2024-11-06,71.11,Books,regular
438,2024-08-18,85.93,Electronics,regular
438,2024-08-29,159.31,Electronics,regular
438,2024-10-04,74.3,Fashion,regular
438,2024-10-05,56.85,Electronics,regular
438,2024-10-07,34.97,Fashion,regular
438,2024-10-07,28.06,Electronics,regular
438,2024-10-18,93.82,Electronics,regular
438,2024-10-28,130.75,Beauty,regular
438,2024-10-28,60.05,Fashion,regular
438,2024-10-28,12.29,Electronics,regular
438,2024-10-31,131.01,Fashion,regular
438,2024-11-06,130.9,Beauty,regular
439,2024-05-02,85.52,Sports,regular
439,2024-07-10,95.01,Sports,regular
439,2024-08-17,109.32,Sports,regular
439,2024-08-21,115.79,Beauty,regular
439,2024-08-24,82.03,Sports,regular
439,2024-08-24,122.47,Beauty,regular
439,2024-09-02,110.67,Sports,regular
439,2024-09-30,133.09,Sports,regular
440,2024-09-11,64.72,Books,regular
440,2024-09-14,106.38,Books,regular
440,2024-09-15,131.93,Books,regular
440,2024-09-28,105.12,Groceries,regular
440,2024-10-12,74.43,Groceries,regular
440,2024-10-14,82.88,Books,regular
440,2024-10-20,68.52,Books,regular
440,2024-10-28,33.31,Groceries,regular
440,2024-10-28,84.28,Books,regular
440,2024-10-29,62.75,Books,regular
440,2024-11-03,112.62,Books,regular
440,2024-11-07,125.3,Groceries,regular
441,2024-07-09,136.78,Books,regular
441,2024-08-26,97.94,Books,regular
441,2024-10-08,57.69,Books,regular
441,2024-10-09,30.31,Groceries,regular
441,2024-11-13,93.28,Books,regular
441,2024-11-27,56.08,Groceries,regular
441,2024-11-29,44.34,Groceries,regular
441,2024-12-08,60.41,Groceries,regular
442,2023-12-27,60.89,Travel,regular
442,2024-01-12,167.6,Travel,regular
442,2024-10-22,24.01,Home,regular
443,2024-09-12,124.56,Beauty,regular
443,2024-10-15,100.3,Beauty,regular
443,2024-10-24,139.6,Home,regular
443,2024-10-27,84.36,Beauty,regular
443,2024-11-01,64.52,Books,regular
443,2024-11-02,50.6,Beauty,regular
443,2024-11-03,114.98,Beauty,regular
443,2024-11-05,81.28,Home,regular
443,2024-11-14,114.45,Home,regular
443,2024-11-15,74.74,Home,regular
443,2024-11-16,118.86,Beauty,regular
443,2024-11-21,88.33,Beauty,regular
443,2024-11-24,80.58,Books,regular
443,2024-11-25,127.54,Books,regular
444,2024-07-06,101.48,Groceries,regular
444,2024-08-12,103.44,Groceries,regular
444,2024-08-22,33.59,Fashion,regular
444,2024-10-05,50.34,Fashion,regular
444,2024-10-08,7.9,Books,regular
444,2024-10-14,58.84,Fashion,regular
444,2024-10-17,65.11,Fashion,regular
444,2024-10-18,107.07,Groceries,regular
444,2024-10-19,78.57,Books,regular
445,2024-09-18,52.88,Books,regular
445,2024-09-19,7.95,Beauty,regular
445,2024-09-30,105.2,Beauty,regular
445,2024-10-10,106.75,Books,regular
445,2024-11-01,105.28,Home,regular
445,2024-11-10,110.97,Books,regular
445,2024-11-14,109.75,Beauty,regular
445,2024-11-24,77.78,Home,regular
445,2024-11-25,79.07,Beauty,regular
445,2024-11-26,81.74,Beauty,regular
445,2024-11-26,115.95,Home,regular
446,2024-07-17,40.71,Sports,regular
446,2024-09-06,90.23,Sports,regular
446,2024-10-08,122.84,Books,regular
446,2024-10-09,41.42,Sports,regular
446,2024-10-17,60.78,Sports,regular
446,2024-10-18,86.14,Sports,regular
446,2024-10-27,89.32,Books,regular
446,2024-11-10,57.13,Sports,regular
446,2024-11-10,33.81,Sports,regular
447,2024-02-23,29.78,Beauty,regular
447,2024-06-18,95.94,Beauty,regular
447,2024-09-12,101.16,Home,regular
447,2024-09-21,85.05,Home,regular
447,2024-09-24,95.56,Books,regular
447,2024-10-05,5.0,Fashion,regular
447,2024-10-05,102.87,Beauty,regular
447,2024-10-06,97.51,Home,regular
447,2024-10-20,23.69,Fashion,regular
448,2024-09-10,67.75,Home,regular
448,2024-09-16,106.93,Books,regular
448,2024-09-29,72.7,Books,regular
448,2024-10-15,21.4,Books,regular
448,2024-11-01,56.85,Books,regular
448,2024-11-02,38.91,Home,regular
448,2024-11-06,164.8,Home,regular
448,2024-11-08,74.3,Books,regular
448,2024-11-12,80.87,Books,regular
448,2024-11-18,77.52,Home,regular
448,2024-11-24,85.42,Home,regular
449,2024-03-29,85.94,Electronics,regular
449,2024-07-13,112.25,Groceries,regular
449,2024-08-24,106.32,Electronics,regular
449,2024-09-02,128.31,Electronics,regular
449,2024-09-08,54.21,Home,regular
450,2024-09-03,106.27,Travel,regular
450,2024-09-19,106.81,Travel,regular
450,2024-09-30,67.78,Travel,regular
450,2024-10-05,87.94,Electronics,regular
450,2024-10-05,115.87,Electronics,regular
450,2024-10-05,56.01,Electronics,regular
450,2024-10-06,105.04,Travel,regular
450,2024-10-11,48.48,Travel,regular
450,2024-10-14,46.25,Travel,regular
450,2024-10-17,70.2,Electronics,regular
450,2024-10-20,87.7,Sports,regular
450,2024-10-24,68.05,Sports,regular
451,2024-07-08,85.96,Electronics,regular
451,2024-08-13,117.63,Sports,regular
451,2024-09-14,62.88,Sports,regular
451,2024-09-28,88.25,Travel,regular
451,2024-10-02,91.43,Sports,regular
451,2024-10-03,96.1,Electronics,regular
451,2024-10-04,115.48,Travel,regular
451,2024-10-07,40.99,Electronics,regular
451,2024-10-12,116.11,Travel,regular
451,2024-10-16,85.11,Sports,regular
451,2024-10-19,49.75,Travel,regular
452,2024-07-05,95.12,Travel,regular
452,2024-08-10,66.29,Books,regular
452,2024-08-29,157.76,Books,regular
452,2024-09-12,82.63,Books,regular
452,2024-09-20,101.72,Books,regular
452,2024-10-02,82.71,Electronics,regular
452,2024-10-13,82.38,Books,regular
452,2024-10-31,56.49,Travel,regular
453,2024-02-09,85.83,Groceries,regular
453,2024-03-20,121.44,Groceries,regular
453,2024-04-29,110.68,Groceries,regular
453,2024-07-02,64.13,Home,regular
453,2024-07-04,56.77,Groceries,regular
453,2024-08-16,95.68,Groceries,regular
453,2024-09-15,153.69,Groceries,regular
453,2024-09-21,94.3,Home,regular
454,2024-07-16,58.02,Electronics,regular
454,2024-08-14,41.71,Electronics,regular
454,2024-08-22,76.17,Travel,regular
454,2024-10-03,101.52,Travel,regular
454,2024-10-06,96.84,Travel,regular
454,2024-10-13,69.22,Electronics,regular
454,2024-10-23,144.08,Travel,regular
454,2024-10-24,101.56,Electronics,regular
454,2024-11-03,49.73,Travel,regular
454,2024-11-07,80.48,Electronics,regular
455,2024-06-13,44.45,Travel,regular
455,2024-08-07,66.37,Travel,regular
455,2024-09-09,56.71,Travel,regular
455,2024-10-02,129.32,Travel,regular
455,2024-10-18,115.33,Travel,regular
455,2024-10-22,123.22,Travel,regular
455,2024-10-22,56.5,Travel,regular
455,2024-10-23,39.25,Travel,regular
456,2024-04-27,83.55,Books,regular
456,2024-05-28,89.9,Books,regular
456,2024-08-24,93.84,Home,regular
456,2024-08-28,57.42,Books,regular
456,2024-09-10,91.15,Home,regular
456,2024-09-12,116.31,Books,regular
456,2024-09-14,74.01,Fashion,regular
456,2024-09-28,78.72,Fashion,regular
456,2024-10-06,62.27,Fashion,regular
456,2024-10-17,133.45,Fashion,regular
457,2024-05-07,48.14,Groceries,regular
457,2024-07-23,53.77,Groceries,regular
457,2024-07-27,102.5,Groceries,regular
457,2024-08-08,80.69,Groceries,regular
457,2024-08-23,42.54,Groceries,regular
457,2024-09-06,151.94,Groceries,regular
457,2024-09-20,74.43,Groceries,regular
457,2024-09-22,73.66,Groceries,regular
457,2024-09-27,89.8,Groceries,regular
457,2024-09-28,136.9,Groceries,regular
457,2024-10-07,34.61,Groceries,regular
457,2024-10-08,93.28,Groceries,regular
458,2024-10-27,144.5,Travel,regular
458,2024-10-29,60.99,Beauty,regular
458,2024-11-02,75.46,Travel,regular
458,2024-11-02,118.47,Groceries,regular
458,2024-11-03,86.14,Beauty,regular
458,2024-11-08,43.44,Beauty,regular
458,2024-11-16,81.79,Travel,regular
458,2024-11-22,86.54,Travel,regular
458,2024-11-26,119.14,Travel,regular
458,2024-11-26,41.24,Beauty,regular
458,2024-11-29,124.07,Travel,regular
458,2024-12-01,75.87,Groceries,regular
458,2024-12-02,72.77,Travel,regular
458,2024-12-03,41.55,Travel,regular
458,2024-12-05,66.75,Travel,regular
458,2024-12-08,97.2,Beauty,regular
459,2024-07-13,74.31,Home,regular
459,2024-08-06,90.03,Home,regular
459,2024-08-12,140.77,Home,regular
459,2024-09-18,70.31,Home,regular
459,2024-10-11,105.36,Home,regular
459,2024-10-19,92.43,Home,regular
459,2024-10-24,107.14,Home,regular
459,2024-10-27,95.01,Home,regular
460,2024-07-05,46.71,Sports,regular
460,2024-09-02,81.04,Sports,regular
460,2024-09-13,129.26,Sports,regular
460,2024-09-25,70.34,Sports,regular
460,2024-10-05,33.57,Books,regular
460,2024-10-09,90.36,Sports,regular
460,2024-10-10,58.43,Books,regular
460,2024-10-11,92.55,Sports,regular
460,2024-10-14,73.31,Home,regular
461,2024-07-20,104.68,Home,regular
461,2024-07-26,84.95,Fashion,regular
461,2024-08-02,71.08,Fashion,regular
461,2024-08-04,70.89,Fashion,regular
461,2024-08-08,110.87,Groceries,regular
461,2024-08-26,29.97,Groceries,regular
461,2024-08-28,74.56,Home,regular
461,2024-08-28,78.53,Groceries,regular
461,2024-09-01,87.63,Fashion,regular
461,2024-09-06,31.61,Groceries,regular
461,2024-09-09,154.43,Home,regular
461,2024-09-12,78.41,Groceries,regular
462,2024-10-09,84.8,Fashion,regular
462,2024-10-12,109.81,Fashion,regular
462,2024-10-19,65.69,Sports,regular
462,2024-10-19,117.63,Electronics,regular
462,2024-10-25,95.03,Electronics,regular
462,2024-12-11,91.37,Fashion,regular
463,2024-09-20,116.34,Travel,regular
463,2024-09-21,89.38,Sports,regular
463,2024-09-23,130.98,Travel,regular
463,2024-09-23,130.07,Travel,regular
463,2024-10-23,66.47,Sports,regular
463,2024-10-28,70.09,Travel,regular
463,2024-10-29,58.41,Travel,regular
463,2024-10-29,73.7,Travel,regular
463,2024-11-11,94.59,Travel,regular
463,2024-11-11,82.08,Sports,regular
463,2024-11-12,99.92,Sports,regular
464,2024-07-26,73.02,Groceries,regular
464,2024-08-22,90.14,Electronics,regular
464,2024-09-19,74.99,Groceries,regular
464,2024-09-26,106.92,Travel,regular
464,2024-10-03,103.0,Electronics,regular
464,2024-10-04,128.77,Electronics,regular
464,2024-10-05,66.9,Groceries,regular
464,2024-10-06,130.86,Electronics,regular
464,2024-10-09,89.79,Travel,regular
464,2024-10-12,116.16,Groceries,regular
465,2024-08-17,115.51,Sports,regular
465,2024-10-05,45.97,Groceries,regular
465,2024-10-18,109.36,Groceries,regular
465,2024-10-22,97.72,Sports,regular
465,2024-12-02,128.04,Sports,regular
465,2024-12-02,55.47,Sports,regular
466,2024-07-10,87.5,Electronics,regular
466,2024-08-04,103.1,Home,regular
466,2024-08-08,79.23,Home,regular
466,2024-08-24,101.34,Home,regular
466,2024-09-05,120.29,Electronics,regular
466,2024-10-02,58.51,Books,regular
466,2024-10-07,88.54,Home,regular
466,2024-10-15,53.8,Home,regular
466,2024-10-20,82.85,Home,regular
466,2024-10-26,42.05,Electronics,regular
466,2024-10-29,98.68,Home,regular
466,2024-11-06,68.32,Books,regular
467,2024-10-14,51.26,Electronics,regular
467,2024-10-29,102.24,Electronics,regular
467,2024-11-14,76.5,Electronics,regular
467,2024-11-16,111.95,Electronics,regular
467,2024-11-17,76.27,Electronics,regular
467,2024-11-19,69.46,Electronics,regular
467,2024-11-29,93.98,Electronics,regular
467,2024-12-01,100.26,Electronics,regular
467,2024-12-05,112.77,Electronics,regular
467,2024-12-10,127.71,Electronics,regular
468,2024-07-01,43.58,Groceries,regular
468,2024-07-27,78.02,Sports,regular
468,2024-08-28,101.93,Groceries,regular
468,2024-09-04,94.34,Sports,regular
468,2024-09-11,94.64,Sports,regular
468,2024-09-14,62.86,Home,regular
468,2024-09-18,111.43,Home,regular
468,2024-09-21,117.58,Groceries,regular
468,2024-09-23,76.49,Groceries,regular
468,2024-09-25,103.38,Groceries,regular
468,2024-10-02,64.93,Sports,regular
468,2024-10-03,95.18,Groceries,regular
468,2024-10-03,95.4,Home,regular
469,2024-07-29,71.6,Electronics,regular
469,2024-09-21,123.09,Electronics,regular
469,2024-10-23,68.45,Electronics,regular
469,2024-10-25,86.59,Beauty,regular
469,2024-10-31,102.37,Beauty,regular
469,2024-11-14,109.38,Electronics,regular
469,2024-11-14,111.29,Books,regular
469,2024-11-16,102.22,Beauty,regular
469,2024-11-16,104.54,Electronics,regular
469,2024-11-17,141.49,Electronics,regular
469,2024-11-18,37.24,Beauty,regular
469,2024-11-20,98.56,Books,regular
470,2024-09-02,81.34,Fashion,regular
470,2024-09-09,65.95,Travel,regular
470,2024-10-05,155.53,Travel,regular
470,2024-10-07,59.64,Travel,regular
470,2024-10-10,89.53,Travel,regular
470,2024-10-10,50.39,Fashion,regular
470,2024-10-15,98.76,Fashion,regular
470,2024-10-19,128.41,Fashion,regular
471,2024-07-28,132.76,Travel,regular
471,2024-08-02,60.58,Groceries,regular
471,2024-08-20,65.62,Travel,regular
471,2024-09-20,115.78,Travel,regular
471,2024-09-23,48.97,Beauty,regular
471,2024-09-25,87.26,Beauty,regular
471,2024-09-29,47.59,Groceries,regular
471,2024-10-05,115.5,Beauty,regular
471,2024-10-10,100.03,Groceries,regular
471,2024-10-28,113.58,Travel,regular
471,2024-11-05,120.03,Travel,regular
471,2024-11-13,99.43,Groceries,regular
471,2024-11-14,69.87,Beauty,regular
472,2024-06-01,119.97,Travel,regular
472,2024-07-14,125.61,Books,regular
472,2024-08-22,95.08,Books,regular
472,2024-09-13,108.1,Beauty,regular
472,2024-09-26,71.52,Travel,regular
472,2024-10-04,55.96,Travel,regular
472,2024-10-20,52.91,Travel,regular
472,2024-10-20,104.75,Travel,regular
472,2024-10-26,157.78,Beauty,regular
472,2024-10-29,69.17,Beauty,regular
473,2024-05-29,89.07,Sports,regular
473,2024-07-07,69.57,Fashion,regular
473,2024-08-16,53.73,Sports,regular
474,2024-07-27,61.94,Fashion,regular
474,2024-08-15,136.7,Groceries,regular
474,2024-08-16,73.92,Sports,regular
474,2024-09-03,98.36,Sports,regular
474,2024-09-19,84.05,Sports,regular
474,2024-09-20,5.0,Fashion,regular
474,2024-10-01,72.86,Sports,regular
474,2024-10-02,75.29,Fashion,regular
474,2024-10-05,137.78,Fashion,regular
474,2024-10-06,89.43,Fashion,regular
475,2024-04-17,112.39,Travel,regular
475,2024-10-01,55.7,Fashion,regular
476,2024-09-14,80.85,Home,regular
476,2024-10-15,5.0,Home,regular
476,2024-10-23,102.04,Electronics,regular
476,2024-10-26,45.79,Home,regular
476,2024-11-09,127.41,Home,regular
476,2024-11-10,102.5,Home,regular
476,2024-11-16,47.93,Home,regular
476,2024-11-17,121.79,Electronics,regular
476,2024-11-17,61.39,Electronics,regular
476,2024-11-18,92.86,Electronics,regular
476,2024-11-21,35.7,Home,regular
476,2024-11-23,41.48,Home,regular
476,2024-11-27,72.41,Home,regular
476,2024-11-27,95.42,Electronics,regular
476,2024-11-28,78.72,Electronics,regular
477,2024-07-19,86.24,Beauty,regular
477,2024-08-08,124.47,Beauty,regular
477,2024-09-21,57.96,Beauty,regular
477,2024-10-05,133.97,Beauty,regular
477,2024-10-18,120.44,Fashion,regular
477,2024-10-21,79.46,Fashion,regular
477,2024-10-22,137.95,Travel,regular
477,2024-11-07,113.11,Fashion,regular
478,2024-04-09,29.52,Fashion,regular
478,2024-08-29,75.5,Travel,regular
478,2024-11-01,77.57,Travel,regular
478,2024-11-10,118.09,Fashion,regular
478,2024-11-20,86.4,Fashion,regular
478,2024-12-07,64.01,Travel,regular
478,2024-12-12,87.51,Fashion,regular
478,2024-12-12,74.53,Fashion,regular
478,2024-12-13,98.9,Travel,regular
478,2024-12-15,93.51,Travel,regular
478,2024-12-17,88.46,Travel,regular
479,2024-06-29,186.15,Groceries,regular
479,2024-08-09,75.71,Groceries,regular
479,2024-09-13,82.28,Groceries,regular
479,2024-09-19,101.74,Electronics,regular
479,2024-09-20,69.19,Home,regular
479,2024-09-21,85.45,Electronics,regular
479,2024-09-23,33.14,Electronics,regular
479,2024-09-26,119.35,Groceries,regular
479,2024-10-01,85.66,Electronics,regular
479,2024-10-12,121.86,Home,regular
479,2024-10-13,75.6,Electronics,regular
479,2024-10-14,38.35,Home,regular
479,2024-10-15,68.44,Groceries,regular
479,2024-10-18,64.41,Groceries,regular
479,2024-10-25,39.36,Groceries,regular
480,2024-09-18,114.36,Beauty,regular
480,2024-10-11,55.28,Beauty,regular
480,2024-10-19,117.04,Beauty,regular
480,2024-10-23,107.54,Beauty,regular
480,2024-11-13,83.42,Beauty,regular
480,2024-11-14,40.78,Beauty,regular
480,2024-11-15,91.38,Beauty,regular
480,2024-11-23,74.38,Beauty,regular
480,2024-11-29,101.65,Beauty,regular
480,2024-12-02,104.4,Beauty,regular
480,2024-12-03,124.57,Beauty,regular
481,2024-07-27,145.37,Fashion,regular
481,2024-08-06,102.86,Home,regular
481,2024-08-12,120.15,Books,regular
481,2024-09-16,99.94,Fashion,regular
481,2024-09-24,126.6,Home,regular
481,2024-09-25,127.91,Sports,regular
482,2024-05-18,69.37,Fashion,regular
482,2024-06-17,51.47,Fashion,regular
482,2024-06-27,131.43,Fashion,regular
482,2024-06-29,48.44,Electronics,regular
482,2024-07-19,64.0,Beauty,regular
482,2024-07-22,118.36,Beauty,regular
483,2024-09-15,83.92,Home,regular
483,2024-09-26,127.71,Home,regular
483,2024-11-17,101.8,Home,regular
483,2024-11-20,85.75,Home,regular
483,2024-12-01,113.87,Home,regular
483,2024-12-01,61.22,Home,regular
483,2024-12-04,136.76,Home,regular
483,2024-12-04,104.27,Home,regular
483,2024-12-05,36.22,Home,regular
483,2024-12-10,66.84,Home,regular
483,2024-12-22,20.27,Home,regular
483,2024-12-22,108.87,Home,regular
484,2024-06-09,73.08,Books,regular
484,2024-06-13,66.48,Books,regular
484,2024-08-20,105.96,Books,regular
484,2024-08-25,89.9,Books,regular
484,2024-09-07,108.73,Sports,regular
484,2024-09-14,97.66,Sports,regular
484,2024-09-20,78.5,Sports,regular
484,2024-09-26,52.73,Sports,regular
484,2024-09-27,155.06,Sports,regular
484,2024-10-08,106.31,Books,regular
484,2024-10-10,53.32,Books,regular
485,2024-08-31,109.29,Books,regular
485,2024-09-06,109.59,Books,regular
485,2024-09-16,83.46,Travel,regular
485,2024-10-14,68.17,Travel,regular
485,2024-10-14,38.55,Books,regular
485,2024-10-21,98.89,Travel,regular
485,2024-10-25,96.12,Travel,regular
485,2024-10-26,95.16,Travel,regular
485,2024-10-27,39.21,Books,regular
485,2024-10-31,49.18,Travel,regular
485,2024-11-01,80.83,Books,regular
485,2024-11-04,83.84,Travel,regular
486,2024-09-05,44.82,Sports,regular
486,2024-10-01,54.27,Electronics,regular
486,2024-10-06,55.4,Electronics,regular
486,2024-10-19,77.92,Sports,regular
486,2024-10-20,27.97,Electronics,regular
486,2024-10-23,87.5,Sports,regular
486,2024-10-24,45.4,Electronics,regular
486,2024-10-25,56.42,Beauty,regular
486,2024-10-25,77.67,Beauty,regular
486,2024-10-31,130.25,Sports,regular
486,2024-11-02,79.67,Beauty,regular
486,2024-11-02,109.43,Sports,regular
486,2024-11-03,75.86,Sports,regular
486,2024-11-03,80.52,Electronics,regular
486,2024-11-03,51.46,Beauty,regular
486,2024-11-03,97.75,Electronics,regular
486,2024-11-06,70.88,Sports,regular
487,2024-04-10,93.12,Travel,regular
487,2024-07-24,90.98,Travel,regular
487,2024-09-03,114.01,Travel,regular
487,2024-09-22,72.1,Travel,regular
487,2024-10-08,101.16,Travel,regular
488,2024-08-20,85.48,Sports,regular
488,2024-09-29,72.87,Sports,regular
488,2024-10-12,81.66,Travel,regular
488,2024-10-14,65.87,Groceries,regular
488,2024-10-15,107.68,Groceries,regular
488,2024-10-15,162.62,Groceries,regular
488,2024-10-15,97.37,Sports,regular
488,2024-10-24,66.52,Groceries,regular
488,2024-10-25,103.79,Groceries,regular
488,2024-10-30,57.31,Groceries,regular
489,2024-06-24,18.03,Books,regular
489,2024-08-28,102.82,Travel,regular
489,2024-09-21,67.2,Books,regular
489,2024-09-26,90.84,Books,regular
489,2024-10-09,127.67,Travel,regular
489,2024-10-11,26.21,Travel,regular
489,2024-10-13,104.21,Books,regular
490,2024-06-16,89.96,Fashion,regular
490,2024-06-28,145.96,Books,regular
490,2024-10-26,105.27,Fashion,regular
490,2024-10-27,54.22,Fashion,regular
490,2024-10-28,79.61,Fashion,regular
490,2024-11-03,150.98,Fashion,regular
490,2024-11-13,110.9,Books,regular
490,2024-11-22,88.61,Home,regular
490,2024-11-24,106.61,Fashion,regular
491,2024-06-24,93.46,Beauty,regular
491,2024-07-20,44.21,Beauty,regular
491,2024-08-01,50.12,Beauty,regular
491,2024-08-17,62.59,Beauty,regular
491,2024-08-19,77.82,Beauty,regular
491,2024-08-22,45.01,Beauty,regular
491,2024-08-23,104.12,Beauty,regular
491,2024-08-26,71.85,Beauty,regular
491,2024-09-05,122.68,Beauty,regular
491,2024-09-10,147.97,Beauty,regular
491,2024-09-12,67.18,Beauty,regular
491,2024-09-15,61.98,Beauty,regular
491,2024-09-17,107.42,Beauty,regular
491,2024-09-22,87.91,Beauty,regular
492,2024-08-21,63.8,Home,regular
492,2024-09-11,40.6,Beauty,regular
492,2024-09-25,76.76,Home,regular
492,2024-10-07,88.05,Home,regular
492,2024-10-17,45.0,Sports,regular
492,2024-10-22,112.06,Travel,regular
492,2024-10-25,123.1,Home,regular
492,2024-10-27,63.98,Beauty,regular
492,2024-11-05,93.04,Beauty,regular
492,2024-11-07,76.94,Beauty,regular
492,2024-11-09,107.77,Travel,regular
493,2024-03-17,13.41,Travel,regular
493,2024-08-07,8.19,Travel,regular
493,2024-10-23,98.54,Travel,regular
493,2024-10-25,79.03,Travel,regular
493,2024-11-01,55.43,Travel,regular
494,2024-04-04,47.85,Fashion,regular
494,2024-05-01,71.16,Fashion,regular
494,2024-06-19,67.2,Fashion,regular
494,2024-07-29,96.63,Fashion,regular
494,2024-11-11,83.74,Fashion,regular
494,2024-11-13,40.95,Books,regular
495,2024-10-07,91.74,Home,regular
495,2024-10-31,89.97,Beauty,regular
495,2024-11-11,111.29,Home,regular
495,2024-11-13,114.15,Beauty,regular
495,2024-12-01,99.5,Home,regular
495,2024-12-05,80.18,Beauty,regular
495,2024-12-14,56.77,Home,regular
495,2024-12-14,90.27,Home,regular
496,2024-04-29,110.7,Electronics,regular
496,2024-07-31,130.81,Electronics,regular
496,2024-08-13,78.4,Travel,regular
496,2024-08-15,90.04,Home,regular
496,2024-08-26,107.42,Travel,regular
496,2024-08-30,41.09,Home,regular
496,2024-09-01,63.31,Beauty,regular
496,2024-09-02,106.66,Travel,regular
496,2024-09-08,74.19,Home,regular
497,2024-06-24,83.25,Fashion,regular
497,2024-07-07,120.89,Fashion,regular
497,2024-07-25,115.83,Fashion,regular
497,2024-09-08,101.75,Fashion,regular
497,2024-09-10,64.92,Fashion,regular
497,2024-09-12,88.58,Fashion,regular
497,2024-09-17,52.27,Fashion,regular
497,2024-10-02,82.38,Fashion,regular
497,2024-10-06,114.34,Fashion,regular
497,2024-10-07,119.9,Fashion,regular
497,2024-10-12,65.72,Fashion,regular
497,2024-10-13,109.98,Fashion,regular
498,2024-06-09,97.13,Electronics,regular
498,2024-07-01,65.08,Electronics,regular
498,2024-07-31,129.08,Electronics,regular
498,2024-08-21,54.7,Electronics,regular
498,2024-09-04,67.24,Electronics,regular
498,2024-09-08,44.05,Electronics,regular
498,2024-09-22,56.4,Electronics,regular
498,2024-09-26,98.89,Travel,regular
498,2024-09-27,41.93,Electronics,regular
498,2024-10-01,110.25,Electronics,regular
498,2024-10-07,128.34,Travel,regular
499,2024-06-21,88.79,Travel,regular
499,2024-07-11,92.3,Groceries,regular
499,2024-08-13,88.67,Groceries,regular
499,2024-08-18,100.37,Travel,regular
499,2024-08-30,116.65,Groceries,regular
499,2024-08-30,74.99,Groceries,regular
499,2024-09-24,125.82,Groceries,regular
499,2024-10-12,84.6,Groceries,regular
500,2024-07-16,112.86,Sports,regular
500,2024-07-30,64.98,Electronics,regular
500,2024-08-24,56.56,Home,regular
500,2024-09-14,129.3,Home,regular
500,2024-09-26,90.66,Electronics,regular
500,2024-10-07,99.91,Home,regular
500,2024-10-09,62.14,Home,regular
500,2024-10-19,119.04,Sports,regular
500,2024-10-27,68.44,Sports,regular
500,2024-10-31,36.06,Books,regular
501,2024-02-27,24.66,Books,economy
501,2024-08-25,15.02,Books,economy
501,2024-08-28,40.97,Books,economy
501,2024-09-04,49.42,Home,economy
501,2024-09-09,46.09,Home,economy
501,2024-09-10,11.09,Books,economy
501,2024-09-25,35.45,Home,economy
502,2024-08-06,40.41,Books,economy
502,2024-09-28,56.63,Books,economy
502,2024-10-03,34.91,Books,economy
502,2024-10-07,18.41,Books,economy
502,2024-10-19,50.39,Books,economy
503,2024-03-04,42.92,Travel,economy
503,2024-08-26,47.8,Fashion,economy
503,2024-08-27,51.92,Groceries,economy
503,2024-09-03,48.39,Sports,economy
503,2024-09-04,48.39,Travel,economy
503,2024-09-04,23.34,Travel,economy
503,2024-09-05,48.52,Home,economy
503,2024-09-08,41.36,Travel,economy
504,2023-06-01,41.68,Home,economy
504,2024-03-04,39.18,Home,economy
504,2024-04-12,45.95,Home,economy
504,2024-04-21,32.31,Home,economy
504,2024-06-18,38.03,Home,economy
505,2023-12-01,22.76,Groceries,economy
505,2023-12-08,22.26,Groceries,economy
505,2024-04-29,31.68,Groceries,economy
505,2024-06-18,22.94,Groceries,economy
506,2024-07-29,31.34,Electronics,economy
506,2024-08-31,14.85,Sports,economy
506,2024-08-31,36.06,Groceries,economy
506,2024-09-12,28.72,Groceries,economy
506,2024-09-17,56.28,Sports,economy
506,2024-09-21,32.95,Electronics,economy
506,2024-09-22,24.42,Electronics,economy
506,2024-09-27,42.1,Sports,economy
507,2023-11-27,30.94,Travel,economy
507,2024-06-22,51.5,Groceries,economy
507,2024-07-24,52.19,Groceries,economy
507,2024-08-22,52.77,Groceries,economy
508,2024-06-07,48.94,Electronics,economy
508,2024-06-20,29.0,Electronics,economy
508,2024-07-28,24.22,Electronics,economy
508,2024-08-09,46.61,Electronics,economy
508,2024-08-15,14.93,Electronics,economy
508,2024-08-27,36.53,Electronics,economy
509,2024-02-09,44.38,Travel,economy
509,2024-03-13,37.56,Travel,economy
509,2024-04-29,37.39,Travel,economy
509,2024-05-18,16.39,Travel,economy
509,2024-06-23,32.5,Travel,economy
510,2023-12-03,42.28,Fashion,economy
510,2024-06-22,21.93,Fashion,economy
510,2024-08-29,57.32,Fashion,economy
511,2024-05-05,28.15,Travel,economy
511,2024-07-11,28.82,Beauty,economy
511,2024-07-29,10.91,Fashion,economy
511,2024-08-07,34.34,Travel,economy
511,2024-08-12,37.77,Beauty,economy
511,2024-08-12,55.98,Fashion,economy
512,2024-05-07,26.72,Electronics,economy
512,2024-05-15,31.13,Electronics,economy
512,2024-07-03,27.64,Electronics,economy
512,2024-07-10,23.28,Electronics,economy
513,2024-01-19,57.37,Electronics,economy
513,2024-04-22,55.33,Electronics,economy
513,2024-05-23,28.59,Electronics,economy
514,2022-01-05,42.99,Books,economy
514,2023-11-17,54.83,Books,economy
515,2024-04-30,23.1,Home,economy
515,2024-05-11,39.83,Home,economy
515,2024-06-28,23.28,Home,economy
515,2024-07-03,45.37,Home,economy
515,2024-07-23,26.14,Home,economy
516,2024-03-09,18.3,Groceries,economy
516,2024-07-10,11.46,Groceries,economy
516,2024-07-17,45.39,Groceries,economy
516,2024-07-19,23.99,Groceries,economy
516,2024-07-21,38.04,Groceries,economy
516,2024-07-28,36.43,Groceries,economy
517,2023-08-27,56.56,Travel,economy
517,2024-05-23,7.52,Travel,economy
518,2024-04-17,23.98,Groceries,economy
518,2024-06-27,43.61,Groceries,economy
518,2024-09-12,29.07,Groceries,economy
518,2024-09-14,30.52,Groceries,economy
518,2024-09-19,32.3,Groceries,economy
518,2024-09-19,43.1,Groceries,economy
518,2024-09-22,44.56,Groceries,economy
519,2024-04-19,18.63,Groceries,economy
519,2024-06-27,31.99,Groceries,economy
519,2024-07-25,41.1,Groceries,economy
520,2024-04-06,20.41,Sports,economy
520,2024-04-20,27.59,Sports,economy
520,2024-07-22,46.35,Sports,economy
520,2024-08-18,28.64,Sports,economy
520,2024-08-23,39.34,Sports,economy
520,2024-09-10,43.0,Sports,economy
520,2024-09-11,16.04,Sports,economy
521,2023-08-24,33.36,Beauty,economy
521,2024-04-13,46.99,Beauty,economy
521,2024-06-12,24.57,Beauty,economy
521,2024-07-12,14.46,Beauty,economy
521,2024-07-24,30.43,Beauty,economy
522,2024-06-06,49.51,Electronics,economy
522,2024-07-05,18.92,Travel,economy
522,2024-07-16,15.51,Electronics,economy
522,2024-07-19,52.21,Travel,economy
522,2024-07-24,25.67,Electronics,economy
522,2024-07-25,21.48,Travel,economy
522,2024-08-01,39.4,Travel,economy
523,2023-12-25,21.46,Travel,economy
523,2024-05-02,77.33,Travel,economy
523,2024-07-27,51.18,Beauty,economy
523,2024-09-12,35.5,Home,economy
524,2024-04-20,73.84,Electronics,economy
524,2024-05-04,37.17,Electronics,economy
524,2024-06-28,43.64,Electronics,economy
524,2024-07-15,56.0,Electronics,economy
525,2024-03-19,30.39,Travel,economy
525,2024-05-10,32.47,Sports,economy
525,2024-06-10,84.01,Sports,economy
525,2024-06-15,40.03,Travel,economy
525,2024-07-04,30.07,Sports,economy
525,2024-07-16,10.97,Sports,economy
525,2024-07-16,38.81,Travel,economy
526,2024-01-27,42.84,Fashion,economy
526,2024-02-17,27.47,Fashion,economy
526,2024-03-07,26.83,Fashion,economy
526,2024-04-30,30.92,Fashion,economy
527,2024-01-12,47.71,Fashion,economy
527,2024-05-17,31.66,Travel,economy
527,2024-07-29,36.72,Fashion,economy
528,2024-03-01,5.0,Home,economy
529,2024-04-15,54.42,Fashion,economy
529,2024-04-18,44.04,Fashion,economy
529,2024-06-16,47.56,Travel,economy
529,2024-06-19,45.86,Travel,economy
529,2024-07-05,51.86,Travel,economy
529,2024-07-20,17.63,Travel,economy
529,2024-08-20,31.09,Fashion,economy
530,2024-07-31,5.0,Electronics,economy
530,2024-09-18,41.06,Electronics,economy
530,2024-10-03,32.74,Books,economy
530,2024-10-24,27.49,Books,economy
530,2024-10-24,53.88,Electronics,economy
530,2024-11-03,39.57,Books,economy
530,2024-11-11,38.07,Electronics,economy
530,2024-11-17,29.4,Electronics,economy
531,2024-02-08,15.31,Home,economy
531,2024-06-13,37.4,Groceries,economy
531,2024-08-16,23.62,Groceries,economy
532,2023-06-09,30.26,Sports,economy
533,2024-03-31,28.24,Beauty,economy
533,2024-04-12,23.04,Beauty,economy
533,2024-07-11,27.76,Beauty,economy
533,2024-07-28,34.21,Beauty,economy
533,2024-08-22,17.19,Beauty,economy
534,2023-11-02,57.46,Home,economy
534,2024-01-11,59.02,Home,economy
534,2024-05-17,68.69,Home,economy
534,2024-07-15,39.76,Home,economy
535,2024-04-06,44.31,Fashion,economy
535,2024-05-13,57.27,Electronics,economy
536,2024-04-18,44.67,Electronics,economy
536,2024-04-19,32.97,Beauty,economy
536,2024-04-26,32.86,Beauty,economy
536,2024-05-28,51.61,Beauty,economy
536,2024-06-04,54.58,Beauty,economy
536,2024-06-24,47.96,Electronics,economy
536,2024-06-26,12.79,Beauty,economy
536,2024-07-07,41.6,Electronics,economy
537,2024-04-20,53.49,Fashion,economy
537,2024-05-11,29.95,Fashion,economy
537,2024-07-06,24.78,Sports,economy
538,2023-12-01,5.0,Beauty,economy
538,2024-05-31,32.47,Sports,economy
538,2024-07-01,41.15,Beauty,economy
538,2024-07-22,21.06,Beauty,economy
538,2024-08-01,29.65,Fashion,economy
539,2024-02-27,50.12,Home,economy
539,2024-05-23,35.48,Travel,economy
539,2024-06-05,34.14,Travel,economy
539,2024-07-01,31.16,Home,economy
539,2024-07-04,52.3,Home,economy
540,2023-11-10,19.21,Electronics,economy
540,2024-05-16,42.6,Electronics,economy
541,2024-02-22,56.31,Home,economy
541,2024-04-10,77.71,Groceries,economy
541,2024-05-18,27.99,Home,economy
541,2024-06-03,33.01,Home,economy
541,2024-06-17,23.98,Groceries,economy
541,2024-07-08,36.87,Home,economy
541,2024-07-27,36.45,Groceries,economy
541,2024-08-01,20.35,Home,economy
542,2024-04-24,38.6,Home,economy
542,2024-04-29,51.55,Home,economy
542,2024-06-16,53.44,Electronics,economy
542,2024-07-04,29.57,Home,economy
542,2024-07-10,21.55,Electronics,economy
543,2024-04-08,66.49,Electronics,economy
543,2024-05-23,24.41,Electronics,economy
543,2024-07-05,36.03,Electronics,economy
543,2024-07-14,50.81,Electronics,economy
543,2024-07-18,49.27,Electronics,economy
543,2024-07-18,30.08,Electronics,economy
543,2024-07-26,27.25,Electronics,economy
544,2024-02-08,50.07,Travel,economy
544,2024-02-13,48.8,Travel,economy
544,2024-05-24,39.31,Electronics,economy
544,2024-08-28,34.39,Beauty,economy
545,2024-10-17,48.94,Beauty,economy
545,2024-10-17,57.65,Fashion,economy
545,2024-10-24,15.67,Fashion,economy
545,2024-10-24,67.75,Groceries,economy
545,2024-11-03,40.55,Beauty,economy
545,2024-11-10,40.94,Groceries,economy
545,2024-11-12,37.91,Fashion,economy
545,2024-11-14,40.62,Fashion,economy
545,2024-11-20,32.34,Beauty,economy
546,2024-06-11,33.72,Sports,economy
546,2024-06-21,41.92,Sports,economy
546,2024-07-08,36.47,Sports,economy
546,2024-07-13,36.94,Sports,economy
546,2024-07-14,29.48,Sports,economy
546,2024-07-29,24.63,Sports,economy
546,2024-08-05,44.95,Sports,economy
547,2024-01-31,43.32,Travel,economy
547,2024-05-02,9.4,Travel,economy
547,2024-06-25,22.49,Travel,economy
548,2023-11-06,39.94,Books,economy
548,2024-06-17,14.6,Sports,economy
548,2024-07-09,24.04,Books,economy
548,2024-07-27,78.62,Sports,economy
548,2024-08-09,45.82,Sports,economy
548,2024-09-03,28.23,Sports,economy
549,2023-12-24,34.78,Home,economy
549,2024-07-16,17.44,Groceries,economy
549,2024-07-19,56.61,Sports,economy
550,2024-04-11,16.75,Fashion,economy
550,2024-05-12,29.8,Fashion,economy
550,2024-05-18,68.17,Fashion,economy
550,2024-08-18,53.54,Fashion,economy
550,2024-09-08,17.57,Fashion,economy
550,2024-09-10,61.68,Fashion,economy
551,2024-03-15,37.85,Beauty,economy
551,2024-03-31,22.42,Beauty,economy
551,2024-05-07,52.13,Beauty,economy
551,2024-05-17,43.56,Beauty,economy
551,2024-07-11,48.76,Beauty,economy
552,2024-03-30,39.61,Fashion,economy
552,2024-04-22,11.42,Fashion,economy
552,2024-07-03,36.48,Home,economy
552,2024-08-20,33.54,Home,economy
552,2024-09-21,67.56,Home,economy
553,2024-04-30,38.36,Travel,economy
554,2023-08-04,27.33,Travel,economy
554,2024-05-28,58.04,Travel,economy
554,2024-07-16,34.31,Travel,economy
555,2024-01-28,23.85,Travel,economy
555,2024-05-27,34.92,Travel,economy
555,2024-06-10,38.37,Beauty,economy
555,2024-07-11,24.86,Beauty,economy
555,2024-07-28,45.41,Beauty,economy
555,2024-08-12,39.01,Beauty,economy
556,2024-01-15,19.3,Groceries,economy
556,2024-08-14,12.17,Groceries,economy
556,2024-08-23,45.43,Groceries,economy
557,2024-01-31,52.27,Beauty,economy
557,2024-02-29,39.4,Beauty,economy
557,2024-06-26,23.61,Beauty,economy
557,2024-06-29,35.17,Beauty,economy
557,2024-07-02,28.58,Beauty,economy
557,2024-07-08,22.94,Beauty,economy
558,2024-05-24,31.02,Groceries,economy
558,2024-08-31,36.77,Groceries,economy
558,2024-09-02,30.9,Groceries,economy
558,2024-09-19,5.0,Groceries,economy
559,2024-05-07,16.86,Electronics,economy
559,2024-05-15,32.43,Electronics,economy
559,2024-05-24,26.54,Sports,economy
559,2024-05-29,17.13,Fashion,economy
559,2024-06-05,32.93,Fashion,economy
559,2024-06-08,23.26,Sports,economy
559,2024-06-19,29.17,Fashion,economy
560,2024-03-01,27.82,Electronics,economy
560,2024-07-08,53.05,Electronics,economy
560,2024-08-31,42.63,Electronics,economy
560,2024-09-04,39.91,Electronics,economy
560,2024-09-15,42.65,Electronics,economy
561,2024-04-20,39.92,Sports,economy
561,2024-05-24,40.09,Sports,economy
561,2024-06-10,22.86,Travel,economy
561,2024-06-30,44.34,Electronics,economy
561,2024-07-11,48.95,Travel,economy
561,2024-07-12,9.34,Sports,economy
562,2024-04-06,55.01,Home,economy
562,2024-06-19,31.43,Home,economy
562,2024-07-04,28.84,Home,economy
562,2024-07-15,50.14,Home,economy
562,2024-07-19,29.46,Home,economy
563,2023-12-19,49.82,Electronics,economy
563,2023-12-30,20.6,Books,economy
563,2024-05-19,12.79,Sports,economy
563,2024-06-16,76.45,Electronics,economy
564,2023-01-29,32.46,Beauty,economy
564,2024-02-29,29.1,Beauty,economy
564,2024-04-06,36.2,Beauty,economy
565,2024-05-23,37.69,Books,economy
565,2024-06-14,15.58,Fashion,economy
566,2024-08-16,39.31,Fashion,economy
566,2024-11-06,34.49,Fashion,economy
566,2024-11-10,33.77,Fashion,economy
566,2024-11-11,6.86,Fashion,economy
566,2024-11-21,57.8,Fashion,economy
566,2024-11-22,20.25,Fashion,economy
567,2024-07-17,5.8,Travel,economy
567,2024-08-17,20.05,Travel,economy
567,2024-09-06,5.0,Travel,economy
568,2023-05-07,11.93,Groceries,economy
569,2022-11-11,33.6,Home,economy
570,2024-05-21,45.41,Books,economy
570,2024-08-05,13.27,Books,economy
570,2024-09-01,15.42,Books,economy
571,2024-07-15,44.64,Fashion,economy
571,2024-07-31,15.93,Fashion,economy
572,2024-05-29,48.14,Electronics,economy
572,2024-06-30,35.72,Groceries,economy
572,2024-07-10,30.77,Travel,economy
572,2024-07-29,25.93,Groceries,economy
573,2024-05-15,19.99,Travel,economy
573,2024-07-20,30.76,Travel,economy
573,2024-08-30,29.35,Travel,economy
574,2022-08-31,13.91,Beauty,economy
574,2024-06-22,11.95,Beauty,economy
574,2024-07-31,35.84,Beauty,economy
575,2024-07-23,46.95,Fashion,economy
575,2024-08-07,27.97,Fashion,economy
576,2024-01-26,38.47,Beauty,economy
576,2024-08-23,41.9,Beauty,economy
577,2024-02-03,25.8,Books,economy
577,2024-06-14,37.64,Books,economy
577,2024-08-17,48.47,Groceries,economy
577,2024-08-31,38.11,Books,economy
578,2022-02-15,20.83,Home,economy
579,2024-04-14,24.58,Fashion,economy
579,2024-04-28,20.1,Travel,economy
579,2024-05-18,24.13,Books,economy
579,2024-05-29,36.96,Books,economy
579,2024-06-07,43.12,Fashion,economy
579,2024-06-25,54.94,Books,economy
579,2024-07-09,57.13,Fashion,economy
580,2024-07-03,8.65,Electronics,economy
580,2024-08-10,27.81,Electronics,economy
580,2024-08-16,38.85,Electronics,economy
580,2024-08-18,34.18,Electronics,economy
581,2024-03-27,35.52,Beauty,economy
581,2024-06-14,29.26,Beauty,economy
581,2024-07-17,37.53,Beauty,economy
581,2024-07-19,38.45,Sports,economy
581,2024-08-16,42.38,Sports,economy
581,2024-09-03,71.1,Sports,economy
582,2024-01-08,34.3,Electronics,economy
582,2024-01-30,49.76,Electronics,economy
582,2024-07-20,21.31,Electronics,economy
583,2024-05-18,60.64,Home,economy
583,2024-06-02,48.97,Beauty,economy
583,2024-08-27,50.99,Books,economy
584,2024-01-12,40.08,Beauty,economy
584,2024-06-19,31.84,Beauty,economy
584,2024-08-18,49.06,Travel,economy
585,2024-04-16,33.14,Groceries,economy
585,2024-06-05,37.38,Groceries,economy
585,2024-06-08,33.69,Electronics,economy
586,2023-07-08,53.74,Sports,economy
586,2024-06-24,6.68,Sports,economy
586,2024-06-27,45.54,Sports,economy
587,2024-07-27,49.97,Groceries,economy
587,2024-09-07,53.96,Groceries,economy
587,2024-09-19,34.24,Groceries,economy
587,2024-10-24,32.68,Groceries,economy
587,2024-11-06,35.18,Groceries,economy
587,2024-11-23,15.96,Groceries,economy
587,2024-11-24,5.0,Groceries,economy
587,2024-12-01,23.29,Groceries,economy
588,2024-10-07,46.96,Travel,economy
588,2024-10-10,9.05,Travel,economy
588,2024-10-18,61.13,Travel,economy
588,2024-10-31,21.53,Electronics,economy
588,2024-11-02,8.89,Groceries,economy
588,2024-11-15,27.17,Travel,economy
588,2024-11-16,22.58,Travel,economy
589,2024-02-25,23.29,Beauty,economy
589,2024-04-12,18.58,Beauty,economy
589,2024-05-07,44.73,Books,economy
589,2024-05-14,53.06,Beauty,economy
589,2024-07-30,17.65,Books,economy
590,2024-03-31,31.3,Home,economy
590,2024-05-03,56.12,Electronics,economy
590,2024-06-15,46.23,Home,economy
590,2024-07-13,44.85,Electronics,economy
590,2024-07-16,36.24,Electronics,economy
590,2024-07-17,28.52,Home,economy
591,2024-06-03,37.7,Groceries,economy
591,2024-06-07,33.39,Groceries,economy
591,2024-06-27,52.14,Groceries,economy
591,2024-08-03,59.38,Groceries,economy
591,2024-08-03,37.94,Groceries,economy
591,2024-08-18,44.31,Groceries,economy
592,2024-03-15,12.53,Travel,economy
592,2024-04-15,26.91,Travel,economy
592,2024-04-19,49.0,Travel,economy
592,2024-06-13,25.83,Fashion,economy
592,2024-06-29,25.0,Fashion,economy
592,2024-07-05,48.11,Fashion,economy
592,2024-07-10,44.87,Fashion,economy
593,2024-04-23,16.96,Books,economy
593,2024-06-14,32.23,Books,economy
593,2024-07-09,8.16,Books,economy
593,2024-08-30,38.91,Books,economy
593,2024-09-01,33.88,Books,economy
594,2023-11-08,44.93,Beauty,economy
594,2024-07-04,49.33,Beauty,economy
594,2024-08-17,34.3,Beauty,economy
595,2024-04-23,48.01,Books,economy
595,2024-05-05,56.45,Fashion,economy
595,2024-06-19,5.0,Fashion,economy
595,2024-08-03,44.18,Fashion,economy
596,2024-02-06,56.27,Groceries,economy
596,2024-07-25,35.33,Groceries,economy
596,2024-09-27,55.45,Groceries,economy
597,2023-11-19,45.19,Books,economy
597,2024-03-05,43.62,Sports,economy
597,2024-06-02,24.94,Sports,economy
597,2024-06-18,36.28,Books,economy
598,2024-03-12,36.87,Electronics,economy
598,2024-05-06,41.12,Electronics,economy
598,2024-05-07,52.73,Electronics,economy
598,2024-05-24,23.34,Electronics,economy
598,2024-07-01,46.87,Electronics,economy
599,2024-08-13,34.36,Books,economy
599,2024-09-04,42.8,Groceries,economy
600,2024-03-31,27.83,Sports,economy
600,2024-05-16,44.97,Sports,economy
600,2024-06-03,53.4,Sports,economy
600,2024-06-05,34.24,Sports,economy
600,2024-06-29,6.85,Sports,economy
600,2024-07-05,53.0,Sports,economy
600,2024-07-15,30.93,Sports,economy
600,2024-07-19,73.4,Sports,economy
600,2024-07-19,25.96,Sports,economy
601,2024-05-25,36.44,Groceries,economy
601,2024-05-26,35.08,Sports,economy
601,2024-07-09,26.13,Sports,economy
601,2024-07-15,47.81,Sports,economy
602,2024-03-30,41.89,Books,economy
602,2024-05-17,43.42,Groceries,economy
602,2024-09-02,39.9,Groceries,economy
602,2024-09-18,22.67,Sports,economy
603,2023-08-15,66.86,Home,economy
603,2024-02-10,56.88,Home,economy
603,2024-03-07,54.92,Home,economy
603,2024-04-16,16.53,Home,economy
604,2024-02-21,34.62,Travel,economy
604,2024-07-24,32.88,Travel,economy
604,2024-08-26,32.25,Travel,economy
604,2024-08-29,45.16,Travel,economy
604,2024-09-06,30.85,Travel,economy
605,2023-06-30,53.81,Travel,economy
605,2024-05-25,22.95,Travel,economy
605,2024-08-14,33.04,Travel,economy
606,2023-11-01,35.79,Groceries,economy
606,2024-07-31,40.27,Groceries,economy
606,2024-08-25,33.83,Groceries,economy
606,2024-09-24,44.41,Groceries,economy
606,2024-09-26,35.0,Groceries,economy
607,2022-09-01,43.08,Books,economy
608,2024-05-18,45.28,Fashion,economy
608,2024-06-02,37.31,Fashion,economy
608,2024-06-16,19.7,Fashion,economy
608,2024-07-04,64.26,Fashion,economy
609,2024-06-07,58.4,Electronics,economy
609,2024-06-20,24.35,Electronics,economy
609,2024-07-02,13.35,Beauty,economy
609,2024-07-25,53.06,Electronics,economy
609,2024-07-31,28.15,Electronics,economy
609,2024-07-31,34.75,Beauty,economy
609,2024-08-03,30.99,Electronics,economy
610,2023-12-28,28.94,Electronics,economy
611,2023-08-02,15.6,Sports,economy
611,2024-04-16,23.95,Sports,economy
611,2024-06-21,5.0,Sports,economy
611,2024-07-12,19.63,Sports,economy
611,2024-07-23,23.36,Sports,economy
612,2024-03-27,28.87,Books,economy
612,2024-08-21,48.24,Books,economy
612,2024-08-27,5.0,Beauty,economy
612,2024-09-01,19.56,Books,economy
612,2024-09-15,22.58,Books,economy
613,2024-04-09,48.68,Beauty,economy
613,2024-04-22,63.87,Beauty,economy
613,2024-05-12,49.18,Beauty,economy
613,2024-05-26,33.55,Sports,economy
614,2023-12-25,35.37,Electronics,economy
614,2024-03-23,51.91,Electronics,economy
614,2024-05-17,38.44,Electronics,economy
614,2024-05-25,57.41,Electronics,economy
615,2023-12-07,31.02,Travel,economy
615,2024-04-07,5.0,Travel,economy
615,2024-06-19,25.0,Travel,economy
616,2023-02-09,33.57,Travel,economy
616,2024-07-02,51.17,Travel,economy
616,2024-09-24,36.8,Travel,economy
617,2024-06-11,14.86,Books,economy
617,2024-07-10,76.79,Books,economy
617,2024-07-31,49.73,Groceries,economy
617,2024-08-15,69.18,Groceries,economy
617,2024-08-18,31.78,Groceries,economy
617,2024-08-23,29.99,Books,economy
618,2024-06-16,36.77,Home,economy
618,2024-07-15,8.07,Home,economy
618,2024-08-18,17.68,Home,economy
618,2024-09-09,45.5,Home,economy
618,2024-10-11,30.12,Home,economy
619,2024-04-14,10.16,Travel,economy
619,2024-06-19,44.88,Travel,economy
619,2024-07-28,13.69,Travel,economy
619,2024-09-11,43.55,Travel,economy
620,2024-05-30,9.79,Travel,economy
621,2023-03-10,39.27,Fashion,economy
621,2024-02-14,44.84,Home,economy
621,2024-05-13,29.24,Home,economy
622,2024-03-29,53.14,Beauty,economy
622,2024-04-21,36.81,Beauty,economy
622,2024-05-28,16.5,Beauty,economy
622,2024-07-15,40.75,Beauty,economy
623,2023-12-23,57.79,Fashion,economy
623,2024-08-14,45.95,Fashion,economy
623,2024-09-22,38.42,Fashion,economy
623,2024-10-10,23.99,Fashion,economy
624,2024-05-01,51.69,Books,economy
624,2024-07-19,41.26,Books,economy
624,2024-07-24,59.05,Books,economy
624,2024-07-27,9.51,Books,economy
624,2024-08-06,32.96,Books,economy
624,2024-08-21,71.29,Books,economy
625,2024-05-01,9.73,Books,economy
625,2024-05-23,27.19,Books,economy
625,2024-07-29,16.02,Books,economy
626,2024-05-06,65.89,Sports,economy
626,2024-09-24,37.81,Fashion,economy
626,2024-10-04,36.77,Fashion,economy
626,2024-10-06,25.87,Sports,economy
626,2024-10-21,50.75,Fashion,economy
627,2024-05-19,51.77,Sports,economy
627,2024-08-09,25.24,Sports,economy
627,2024-08-14,27.92,Books,economy
627,2024-09-05,45.49,Sports,economy
627,2024-09-06,10.39,Books,economy
628,2023-09-15,46.24,Books,economy
628,2024-01-22,27.83,Electronics,economy
628,2024-05-15,36.34,Books,economy
628,2024-05-29,57.21,Electronics,economy
629,2024-05-16,21.42,Books,economy
629,2024-05-22,12.19,Books,economy
629,2024-08-15,37.66,Books,economy
629,2024-08-20,25.24,Books,economy
629,2024-09-05,17.68,Books,economy
629,2024-09-09,35.34,Books,economy
630,2023-07-10,27.58,Travel,economy
630,2024-01-03,40.36,Travel,economy
630,2024-04-24,51.95,Travel,economy
630,2024-06-21,43.04,Travel,economy
631,2024-08-16,29.75,Home,economy
631,2024-09-15,48.01,Sports,economy
631,2024-10-31,30.03,Sports,economy
631,2024-11-23,15.92,Sports,economy
631,2024-11-26,39.0,Sports,economy
632,2024-02-20,35.94,Electronics,economy
632,2024-06-25,56.21,Electronics,economy
632,2024-07-03,59.66,Books,economy
632,2024-08-19,64.74,Electronics,economy
632,2024-09-05,70.88,Books,economy
633,2024-06-04,61.39,Books,economy
633,2024-07-08,29.09,Books,economy
633,2024-07-17,29.55,Sports,economy
633,2024-09-01,39.3,Sports,economy
633,2024-09-30,41.66,Sports,economy
634,2024-02-09,31.29,Electronics,economy
634,2024-03-03,34.02,Travel,economy
634,2024-05-06,37.92,Electronics,economy
634,2024-05-09,18.97,Electronics,economy
634,2024-05-19,35.25,Travel,economy
635,2024-03-11,37.37,Sports,economy
635,2024-03-20,28.31,Sports,economy
635,2024-06-15,19.98,Sports,economy
635,2024-07-13,44.69,Sports,economy
636,2024-03-10,45.16,Electronics,economy
636,2024-04-24,34.76,Electronics,economy
636,2024-07-12,32.95,Electronics,economy
637,2024-03-04,42.21,Groceries,economy
637,2024-03-28,53.12,Home,economy
637,2024-05-30,44.2,Home,economy
637,2024-06-15,44.79,Home,economy
637,2024-06-21,47.21,Groceries,economy
638,2024-02-27,10.61,Groceries,economy
638,2024-06-01,39.5,Groceries,economy
638,2024-06-25,19.03,Groceries,economy
638,2024-07-28,29.4,Groceries,economy
638,2024-08-03,20.43,Groceries,economy
638,2024-08-13,28.89,Groceries,economy
639,2024-03-25,29.09,Sports,economy
639,2024-04-11,37.8,Sports,economy
639,2024-06-04,35.97,Sports,economy
639,2024-07-14,19.58,Sports,economy
639,2024-07-21,48.06,Sports,economy
639,2024-07-23,27.52,Sports,economy
640,2024-01-13,25.59,Sports,economy
640,2024-03-23,18.5,Sports,economy
640,2024-05-19,12.53,Beauty,economy
640,2024-05-25,70.1,Sports,economy
641,2024-02-29,43.53,Fashion,economy
641,2024-05-18,27.95,Fashion,economy
641,2024-06-09,30.73,Fashion,economy
641,2024-07-19,23.4,Fashion,economy
641,2024-07-23,35.36,Fashion,economy
641,2024-07-23,30.2,Fashion,economy
642,2023-05-06,36.14,Sports,economy
642,2024-09-28,22.36,Books,economy
643,2024-06-02,52.96,Fashion,economy
643,2024-07-14,51.2,Fashion,economy
643,2024-08-31,17.37,Fashion,economy
643,2024-09-02,39.89,Fashion,economy
643,2024-09-05,45.9,Fashion,economy
643,2024-09-06,37.54,Fashion,economy
644,2024-05-16,27.98,Travel,economy
644,2024-05-17,48.99,Travel,economy
644,2024-05-27,45.99,Travel,economy
644,2024-07-14,43.58,Travel,economy
644,2024-07-15,26.58,Travel,economy
644,2024-07-26,55.49,Travel,economy
644,2024-07-30,37.72,Travel,economy
645,2023-06-27,47.94,Home,economy
645,2024-06-07,19.58,Home,economy
645,2024-06-28,22.03,Travel,economy
645,2024-06-30,37.72,Electronics,economy
645,2024-07-05,33.02,Travel,economy
646,2024-02-26,53.75,Beauty,economy
646,2024-06-08,29.92,Travel,economy
646,2024-07-15,15.32,Travel,economy
646,2024-08-06,42.0,Home,economy
646,2024-08-22,36.75,Travel,economy
647,2023-12-04,32.36,Home,economy
647,2024-03-29,46.68,Home,economy
647,2024-05-03,22.81,Home,economy
647,2024-05-12,30.31,Home,economy
647,2024-06-01,24.01,Home,economy
647,2024-07-24,14.79,Home,economy
648,2024-01-31,5.0,Electronics,economy
648,2024-03-05,5.0,Electronics,economy
648,2024-06-23,6.1,Electronics,economy
648,2024-07-02,38.7,Fashion,economy
648,2024-07-12,21.63,Electronics,economy
649,2024-06-04,8.19,Travel,economy
649,2024-06-24,17.18,Sports,economy
649,2024-09-09,52.24,Home,economy
649,2024-09-15,35.42,Home,economy
649,2024-09-26,46.18,Travel,economy
649,2024-10-01,32.45,Home,economy
650,2024-06-28,23.03,Fashion,economy
650,2024-08-10,27.29,Fashion,economy
651,2024-05-19,38.3,Travel,economy
651,2024-05-28,10.82,Groceries,economy
651,2024-07-05,37.35,Travel,economy
652,2024-03-23,24.85,Beauty,economy
652,2024-04-24,8.5,Beauty,economy
652,2024-05-11,56.43,Beauty,economy
652,2024-06-12,14.72,Beauty,economy
652,2024-06-23,23.31,Beauty,economy
652,2024-07-01,8.42,Beauty,economy
652,2024-07-02,31.95,Beauty,economy
653,2024-04-27,55.97,Travel,economy
653,2024-05-13,39.86,Travel,economy
653,2024-06-18,30.46,Groceries,economy
653,2024-08-08,36.51,Travel,economy
654,2024-01-15,12.5,Beauty,economy
654,2024-01-28,39.82,Beauty,economy
654,2024-03-13,48.38,Books,economy
654,2024-04-27,5.0,Beauty,economy
654,2024-05-08,61.93,Beauty,economy
654,2024-05-29,15.03,Beauty,economy
654,2024-06-13,37.27,Books,economy
654,2024-06-19,28.81,Beauty,economy
654,2024-06-21,28.29,Beauty,economy
655,2024-01-11,63.29,Sports,economy
655,2024-07-03,13.57,Home,economy
655,2024-09-23,24.11,Sports,economy
655,2024-10-03,44.28,Home,economy
655,2024-10-04,30.5,Sports,economy
656,2024-07-17,40.4,Beauty,economy
656,2024-07-29,35.48,Beauty,economy
656,2024-08-01,31.85,Beauty,economy
656,2024-09-01,29.47,Beauty,economy
657,2024-06-29,44.36,Fashion,economy
657,2024-09-25,41.14,Fashion,economy
657,2024-10-04,6.35,Fashion,economy
657,2024-10-06,45.33,Fashion,economy
657,2024-10-20,14.09,Fashion,economy
657,2024-10-23,20.45,Fashion,economy
657,2024-11-01,5.0,Fashion,economy
657,2024-11-09,36.95,Fashion,economy
657,2024-11-19,39.19,Fashion,economy
658,2024-05-07,64.7,Sports,economy
658,2024-05-16,34.34,Sports,economy
658,2024-06-11,40.91,Sports,economy
658,2024-08-19,24.68,Sports,economy
658,2024-09-04,27.77,Sports,economy
659,2023-07-18,29.22,Beauty,economy
659,2024-07-13,18.41,Beauty,economy
659,2024-10-02,56.48,Beauty,economy
660,2024-09-26,45.57,Fashion,economy
660,2024-10-09,47.1,Fashion,economy
660,2024-10-26,33.4,Home,economy
660,2024-11-05,24.16,Home,economy
660,2024-11-23,33.21,Home,economy
661,2024-05-27,36.87,Fashion,economy
661,2024-07-22,58.16,Beauty,economy
661,2024-08-13,31.41,Fashion,economy
661,2024-08-21,39.69,Beauty,economy
661,2024-08-23,33.46,Fashion,economy
661,2024-08-24,48.2,Fashion,economy
662,2024-06-15,16.59,Fashion,economy
663,2024-05-08,27.53,Books,economy
663,2024-06-18,50.15,Books,economy
663,2024-07-05,11.24,Books,economy
664,2024-02-17,76.45,Travel,economy
664,2024-09-01,33.49,Electronics,economy
665,2024-03-04,34.91,Sports,economy
665,2024-03-24,54.18,Sports,economy
665,2024-04-10,22.46,Sports,economy
665,2024-07-15,43.41,Groceries,economy
665,2024-07-18,26.82,Travel,economy
665,2024-08-05,15.65,Travel,economy
666,2024-05-19,41.56,Groceries,economy
666,2024-06-02,25.97,Fashion,economy
666,2024-07-12,35.4,Fashion,economy
666,2024-08-26,28.62,Electronics,economy
666,2024-09-01,25.01,Electronics,economy
666,2024-09-06,50.13,Groceries,economy
667,2024-05-22,32.62,Sports,economy
667,2024-06-09,36.59,Sports,economy
667,2024-08-05,52.54,Sports,economy
667,2024-08-24,43.9,Beauty,economy
668,2024-05-12,29.78,Groceries,economy
668,2024-06-21,27.32,Groceries,economy
668,2024-09-13,30.18,Groceries,economy
668,2024-09-24,29.76,Groceries,economy
668,2024-10-02,40.21,Groceries,economy
669,2023-05-16,38.15,Sports,economy
669,2024-04-07,29.29,Sports,economy
669,2024-05-12,9.14,Travel,economy
669,2024-06-05,43.79,Sports,economy
669,2024-06-24,50.02,Travel,economy
669,2024-07-30,26.59,Travel,economy
669,2024-08-29,25.37,Travel,economy
670,2023-09-07,25.98,Travel,economy
671,2023-08-07,49.52,Home,economy
672,2024-04-24,48.06,Beauty,economy
672,2024-05-20,27.17,Home,economy
672,2024-06-27,31.13,Beauty,economy
672,2024-08-18,49.94,Home,economy
672,2024-08-22,30.58,Beauty,economy
672,2024-08-24,37.13,Beauty,economy
672,2024-08-28,18.4,Home,economy
672,2024-08-31,33.45,Home,economy
672,2024-09-06,55.32,Home,economy
673,2024-06-17,24.38,Fashion,economy
673,2024-07-10,56.0,Fashion,economy
673,2024-07-26,33.39,Fashion,economy
673,2024-08-16,43.97,Fashion,economy
673,2024-09-22,26.28,Fashion,economy
673,2024-09-27,47.71,Fashion,economy
673,2024-10-13,46.59,Fashion,economy
673,2024-10-14,10.62,Fashion,economy
674,2023-11-21,22.76,Beauty,economy
674,2024-05-30,26.06,Beauty,economy
674,2024-09-03,74.7,Books,economy
674,2024-09-10,5.0,Beauty,economy
674,2024-10-07,19.85,Books,economy
675,2024-04-23,37.12,Sports,economy
675,2024-07-18,29.72,Sports,economy
675,2024-09-09,13.08,Sports,economy
676,2024-02-16,20.56,Electronics,economy
676,2024-05-22,36.14,Electronics,economy
676,2024-07-05,50.89,Electronics,economy
676,2024-09-16,54.63,Home,economy
676,2024-09-29,32.76,Home,economy
677,2024-07-11,58.36,Travel,economy
677,2024-07-30,28.48,Travel,economy
677,2024-08-01,35.29,Travel,economy
677,2024-09-14,62.76,Travel,economy
678,2024-04-25,66.17,Travel,economy
679,2024-05-19,8.09,Books,economy
679,2024-06-26,13.75,Books,economy
679,2024-07-22,38.19,Books,economy
680,2024-02-29,32.93,Beauty,economy
680,2024-05-24,44.04,Books,economy
680,2024-06-13,48.21,Beauty,economy
680,2024-07-03,28.51,Beauty,economy
680,2024-07-04,44.5,Beauty,economy
680,2024-07-07,5.0,Books,economy
680,2024-07-23,58.27,Beauty,economy
681,2024-01-24,29.46,Travel,economy
681,2024-02-24,26.84,Travel,economy
681,2024-04-05,37.31,Travel,economy
681,2024-05-15,46.71,Travel,economy
681,2024-06-27,42.64,Travel,economy
681,2024-07-06,55.97,Electronics,economy
682,2024-07-04,36.19,Sports,economy
682,2024-07-04,38.44,Sports,economy
682,2024-07-17,36.79,Sports,economy
682,2024-08-12,23.16,Sports,economy
683,2024-09-09,35.09,Beauty,economy
683,2024-09-12,36.94,Beauty,economy
683,2024-09-13,55.71,Beauty,economy
684,2022-12-22,18.12,Books,economy
684,2023-09-07,53.12,Beauty,economy
685,2024-04-27,38.23,Books,economy
685,2024-06-07,23.3,Fashion,economy
685,2024-06-13,28.15,Fashion,economy
685,2024-06-14,39.2,Books,economy
685,2024-06-17,46.1,Home,economy
685,2024-07-31,59.86,Fashion,economy
686,2024-01-29,37.33,Sports,economy
686,2024-05-18,30.86,Sports,economy
686,2024-07-10,42.07,Sports,economy
686,2024-07-17,27.51,Sports,economy
686,2024-07-22,41.05,Sports,economy
687,2024-04-17,28.1,Groceries,economy
687,2024-05-06,46.02,Groceries,economy
687,2024-05-16,28.37,Groceries,economy
687,2024-06-15,36.58,Groceries,economy
687,2024-06-19,29.27,Groceries,economy
687,2024-06-30,39.0,Groceries,economy
687,2024-08-09,53.63,Groceries,economy
688,2023-09-30,56.01,Sports,economy
688,2024-06-23,27.21,Sports,economy
688,2024-07-28,29.38,Sports,economy
688,2024-08-14,47.98,Sports,economy
689,2024-03-10,24.57,Travel,economy
689,2024-06-19,32.63,Home,economy
689,2024-06-27,44.58,Travel,economy
689,2024-08-04,10.32,Travel,economy
689,2024-08-12,26.18,Home,economy
689,2024-09-05,12.57,Home,economy
690,2024-05-02,48.17,Sports,economy
690,2024-08-07,16.52,Sports,economy
690,2024-08-11,38.75,Sports,economy
690,2024-09-01,20.93,Sports,economy
690,2024-09-21,9.67,Sports,economy
691,2024-04-17,5.0,Home,economy
691,2024-06-19,43.49,Sports,economy
691,2024-07-12,35.47,Sports,economy
691,2024-07-20,24.92,Sports,economy
691,2024-07-30,28.54,Sports,economy
691,2024-07-30,43.58,Sports,economy
692,2024-03-29,23.16,Sports,economy
692,2024-04-26,43.39,Fashion,economy
692,2024-05-12,48.96,Sports,economy
692,2024-05-26,60.9,Fashion,economy
693,2024-07-01,31.48,Fashion,economy
693,2024-07-11,26.51,Fashion,economy
693,2024-07-12,15.03,Fashion,economy
693,2024-10-20,31.7,Fashion,economy
693,2024-10-28,30.56,Fashion,economy
694,2023-11-17,46.55,Travel,economy
694,2024-07-28,21.95,Electronics,economy
695,2024-06-27,18.06,Fashion,economy
695,2024-07-18,51.05,Fashion,economy
695,2024-07-24,10.99,Travel,economy
695,2024-07-31,24.73,Fashion,economy
696,2024-04-06,34.46,Beauty,economy
696,2024-07-04,19.56,Beauty,economy
696,2024-08-06,22.14,Beauty,economy
696,2024-08-22,32.07,Beauty,economy
696,2024-08-28,39.07,Beauty,economy
696,2024-09-04,49.22,Beauty,economy
696,2024-09-05,36.39,Beauty,economy
696,2024-09-05,55.29,Beauty,economy
697,2024-06-06,42.77,Fashion,economy
697,2024-06-16,52.51,Sports,economy
697,2024-08-19,20.24,Fashion,economy
697,2024-09-03,23.84,Fashion,economy
697,2024-09-22,39.85,Fashion,economy
697,2024-10-08,20.3,Fashion,economy
697,2024-10-12,5.0,Sports,economy
697,2024-10-12,40.93,Sports,economy
698,2024-09-17,25.79,Beauty,economy
698,2024-09-26,41.55,Beauty,economy
698,2024-10-31,17.07,Beauty,economy
699,2024-07-05,50.2,Home,economy
699,2024-08-06,38.99,Home,economy
699,2024-09-24,20.8,Home,economy
700,2024-04-16,31.94,Groceries,economy
700,2024-05-17,35.94,Fashion,economy
700,2024-06-01,49.3,Groceries,economy
700,2024-06-16,16.73,Fashion,economy
701,2023-12-25,13.36,Groceries,churned
701,2024-06-01,82.62,Home,churned
702,2023-11-11,41.57,Electronics,churned
702,2023-11-11,66.99,Electronics,churned
703,2023-07-07,47.62,Electronics,churned
703,2023-08-14,37.18,Electronics,churned
703,2024-01-22,105.83,Electronics,churned
704,2023-09-27,75.07,Home,churned
705,2023-12-09,18.37,Home,churned
705,2023-12-17,19.92,Home,churned
705,2024-01-24,5.0,Home,churned
706,2023-09-08,94.36,Sports,churned
706,2023-10-18,85.91,Beauty,churned
707,2022-10-26,79.63,Beauty,churned
707,2024-03-05,71.35,Beauty,churned
708,2023-07-19,30.94,Groceries,churned
708,2023-11-12,92.95,Groceries,churned
709,2023-12-03,108.42,Home,churned
709,2024-01-06,96.48,Home,churned
710,2023-05-23,29.11,Travel,churned
710,2023-06-01,88.03,Travel,churned
711,2023-05-07,5.0,Home,churned
712,2023-06-02,61.87,Sports,churned
713,2023-04-14,47.24,Books,churned
713,2024-04-07,5.0,Books,churned
714,2024-05-07,5.0,Beauty,churned
715,2021-11-07,72.17,Books,churned
716,2023-10-10,44.34,Electronics,churned
716,2024-05-26,5.0,Electronics,churned
717,2023-01-29,42.56,Groceries,churned
717,2024-05-01,46.3,Groceries,churned
718,2024-01-16,101.3,Groceries,churned
719,2022-12-26,101.37,Groceries,churned
719,2023-10-28,97.81,Groceries,churned
719,2024-01-13,53.5,Groceries,churned
720,2021-12-12,44.21,Fashion,churned
721,2023-09-16,100.44,Travel,churned
721,2024-03-13,64.12,Travel,churned
722,2022-08-04,35.31,Books,churned
723,2023-11-25,72.99,Books,churned
724,2023-12-16,5.0,Groceries,churned
724,2024-02-22,36.96,Groceries,churned
725,2024-05-11,77.57,Beauty,churned
725,2024-06-01,37.54,Beauty,churned
725,2024-06-14,92.75,Beauty,churned
726,2022-11-29,78.0,Books,churned
726,2022-12-13,38.79,Beauty,churned
727,2024-01-14,49.28,Beauty,churned
727,2024-03-05,7.23,Beauty,churned
728,2023-05-01,5.0,Travel,churned
728,2024-01-26,65.18,Sports,churned
729,2023-12-04,39.41,Groceries,churned
730,2018-05-07,63.92,Books,churned
731,2023-09-13,125.33,Home,churned
731,2023-09-26,28.3,Travel,churned
732,2023-06-17,47.11,Travel,churned
732,2023-10-15,10.92,Electronics,churned
732,2023-10-31,55.12,Fashion,churned
733,2023-06-16,28.94,Sports,churned
733,2023-11-26,29.83,Fashion,churned
734,2023-06-12,69.22,Travel,churned
734,2023-12-06,86.01,Groceries,churned
735,2022-08-10,13.1,Sports,churned
736,2023-07-20,60.81,Beauty,churned
736,2024-01-19,66.83,Beauty,churned
737,2021-11-29,55.64,Travel,churned
738,2024-02-25,67.34,Fashion,churned
739,2024-03-07,97.89,Beauty,churned
739,2024-05-15,19.91,Beauty,churned
740,2022-07-23,105.72,Groceries,churned
741,2024-05-14,5.0,Books,churned
742,2023-12-24,56.35,Travel,churned
742,2024-03-12,12.49,Travel,churned
742,2024-03-22,22.33,Books,churned
743,2023-07-29,45.87,Fashion,churned
743,2023-08-29,36.59,Fashion,churned
743,2024-03-10,5.0,Fashion,churned
744,2023-05-11,5.0,Books,churned
745,2023-09-27,89.09,Books,churned
745,2023-10-25,28.52,Travel,churned
746,2022-10-19,51.83,Books,churned
747,2024-01-24,62.31,Home,churned
748,2023-04-02,66.43,Electronics,churned
748,2023-10-01,43.18,Books,churned
749,2023-07-31,12.2,Fashion,churned
749,2024-03-05,60.74,Fashion,churned
750,2023-12-09,5.0,Groceries,churned
750,2024-01-03,78.16,Groceries,churned
751,2023-02-20,64.55,Travel,churned
751,2023-10-22,24.7,Travel,churned
752,2023-09-21,61.5,Home,churned
752,2023-10-31,34.3,Travel,churned
753,2023-10-16,136.96,Electronics,churned
753,2024-05-02,43.18,Electronics,churned
753,2024-06-29,150.9,Electronics,churned
754,2023-04-17,62.62,Home,churned
754,2024-03-22,37.85,Home,churned
755,2023-08-28,24.9,Home,churned
755,2023-12-21,44.71,Electronics,churned
756,2023-12-04,27.42,Groceries,churned
757,2023-09-27,58.17,Sports,churned
757,2023-10-21,31.98,Sports,churned
757,2024-03-09,82.03,Sports,churned
758,2023-05-13,17.25,Fashion,churned
758,2024-02-17,67.74,Groceries,churned
758,2024-02-18,78.14,Groceries,churned
759,2022-07-13,85.55,Fashion,churned
760,2024-01-17,29.74,Fashion,churned
760,2024-01-29,8.02,Home,churned
760,2024-03-05,44.56,Fashion,churned
761,2024-01-13,43.29,Home,churned
761,2024-02-08,42.0,Books,churned
762,2023-10-22,36.15,Groceries,churned
762,2024-04-09,5.0,Fashion,churned
762,2024-04-17,5.0,Fashion,churned
763,2024-01-27,101.93,Sports,churned
764,2023-12-07,46.78,Travel,churned
764,2024-01-26,5.0,Travel,churned
764,2024-03-15,58.02,Travel,churned
765,2024-01-18,67.71,Groceries,churned
766,2023-12-19,99.96,Fashion,churned
767,2023-09-06,5.0,Beauty,churned
767,2023-10-26,112.12,Beauty,churned
768,2022-12-16,81.27,Home,churned
768,2023-06-07,93.41,Fashion,churned
769,2021-01-22,56.92,Beauty,churned
770,2022-10-16,40.46,Travel,churned
771,2023-12-13,28.13,Books,churned
771,2023-12-27,53.47,Books,churned
771,2024-01-28,109.89,Fashion,churned
772,2023-08-25,153.49,Fashion,churned
772,2023-11-05,104.41,Travel,churned
773,2023-07-17,16.88,Electronics,churned
773,2024-01-12,25.42,Books,churned
773,2024-02-23,87.77,Books,churned
774,2023-08-16,72.49,Groceries,churned
774,2024-02-28,50.87,Home,churned
775,2024-01-04,6.35,Beauty,churned
775,2024-04-19,107.52,Beauty,churned
775,2024-04-30,64.28,Beauty,churned
776,2023-11-20,99.22,Fashion,churned
777,2023-06-14,63.47,Fashion,churned
777,2023-09-20,15.69,Home,churned
778,2024-04-10,79.09,Electronics,churned
779,2023-02-08,77.25,Fashion,churned
779,2023-11-01,65.51,Fashion,churned
780,2022-09-19,5.0,Travel,churned
781,2023-04-30,5.0,Fashion,churned
781,2023-07-12,5.0,Fashion,churned
781,2024-03-10,121.18,Fashion,churned
782,2023-02-13,120.26,Home,churned
783,2023-06-15,122.6,Beauty,churned
783,2023-09-25,26.11,Beauty,churned
784,2023-05-29,5.0,Sports,churned
784,2024-02-03,123.53,Sports,churned
784,2024-03-31,31.65,Groceries,churned
785,2022-12-30,50.31,Beauty,churned
786,2023-11-18,72.32,Beauty,churned
786,2024-01-23,117.54,Beauty,churned
787,2022-06-13,114.97,Books,churned
788,2023-08-31,16.54,Electronics,churned
789,2023-09-01,82.67,Fashion,churned
789,2023-12-14,56.55,Fashion,churned
789,2024-03-01,31.24,Fashion,churned
790,2024-01-23,39.86,Sports,churned
791,2024-02-26,120.2,Travel,churned
792,2023-11-06,35.24,Beauty,churned
793,2023-11-02,6.1,Sports,churned
794,2023-02-15,30.39,Books,churned
794,2023-10-07,45.36,Home,churned
794,2023-12-13,18.56,Books,churned
795,2021-08-09,40.74,Travel,churned
796,2023-09-19,67.55,Groceries,churned
796,2023-12-12,123.62,Groceries,churned
797,2022-12-03,73.46,Electronics,churned
797,2023-11-02,25.83,Beauty,churned
797,2024-02-06,105.5,Electronics,churned
798,2022-10-13,64.78,Beauty,churned
799,2023-03-16,57.31,Groceries,churned
799,2024-01-11,64.89,Home,churned
800,2023-11-28,46.17,Books,churned
800,2023-12-07,18.23,Books,churned
